pid,season,gp,gs,min,pts,oreb,dr,reb,ast,stl,blk,tuov,pf,ast_tuov,per
1,2019,78,78,33.8,16,1.7,5.7,7.4,3.7,0.7,0.7,2.1,2.2,1.8,15.18
1,2020,62,62,32.5,14.4,1.7,5.9,7.7,3.7,0.8,0.6,1.6,2,2.3,15.18
2,2019,50,0,12.9,5.9,0.1,1.2,1.3,1.7,0.4,0.3,0.8,1.4,2.2,11.99
2,2020,66,33,24.5,9.5,0.3,2,2.4,3.4,0.8,0.2,1.3,1.8,2.6,11.64
3,2019,61,1,11.4,4,0.2,1.7,1.9,0.3,0.3,0.2,0.4,1.1,0.8,8.83
3,2020,55,6,15.8,6.3,0.3,1.6,1.8,0.7,0.4,0.4,0.8,1.4,0.9,11.36
4,2020,11,0,10.2,2.9,0.6,0.3,0.9,0.4,0.4,0,0.2,1.5,2,8.18
5,2020,33,2,11.2,3,0.2,1.2,1.4,0.5,0.2,0.1,0.2,1.5,2.1,6.18
6,2019,81,81,28.3,9.4,1.4,6.1,7.5,1.3,0.8,0.4,0.9,1.8,1.4,13.18
6,2020,18,2,21.1,4.3,1.3,3.5,4.8,1.2,1,0.4,0.9,1.5,1.2,7.62
7,2019,68,68,29,13.6,1.8,5,6.7,4.2,0.9,1.3,1.5,1.9,2.8,20.21
7,2020,67,61,30.2,11.9,1.5,5.3,6.8,4,0.8,0.9,1.2,2.1,3.4,15.74
8,2019,5,0,5.2,3.6,0.8,3,3.8,0.6,0.2,0,0.2,0.4,3,32.97
9,2019,34,24,28.8,11.6,0.8,4.7,5.5,2.9,0.7,0.5,1.4,1.8,2.1,13.22
9,2020,48,18,29,16.1,0.8,3.9,4.7,3.1,1,0.4,1.6,2.2,2,16.17
10,2020,14,0,9.9,4.2,0.7,1.2,1.9,0.9,0.2,0.3,0.8,1,1.2,14.52
11,2019,31,2,19,5.3,0.2,1.4,1.5,0.6,0.5,0.2,0.5,1.7,1.4,6.28
12,2019,25,4,21.2,9.2,0.8,1.9,2.7,3.1,1,0.4,1.7,2.2,1.8,13.9
12,2020,64,2,18.4,5.5,0.3,1.7,1.9,1.9,1.1,0.3,0.8,1.5,2.3,10.79
13,2019,77,31,20.1,11.1,2.1,3.5,5.5,1.1,0.4,0.9,1.3,2.6,0.9,17.27
13,2020,40,9,18.6,8.7,1.7,4,5.8,1.1,0.5,0.8,1,2.3,1.1,17.57
14,2019,21,1,14.5,5.1,1.4,2.2,3.6,0.8,0.2,0.5,0.6,2.2,1.3,12.21
15,2019,72,5,13.9,4.7,1.1,2.3,3.4,0.4,0.3,0.2,0.4,1.9,1,11.2
15,2020,40,1,14.8,4.6,0.9,1.9,2.8,0.4,0.6,0.2,0.7,1.8,0.5,8.76
16,2019,14,0,4.6,0.9,0.3,1.1,1.4,0.1,0.1,0.2,0,0.5,0,6.36
16,2020,17,1,6.9,2,0.9,1.9,2.8,0.4,0.2,0.1,0.4,0.7,1,13.28
17,2019,43,20,26.3,9.6,0.4,3.1,3.4,1.1,0.5,0.3,1.1,2.4,1,7.74
17,2020,28,1,18.6,5.1,0.4,2,2.3,1,0.5,0.1,0.4,1.3,2.3,7.2
18,2019,64,3,22.8,10.9,0.5,2.6,3.1,1.9,0.4,0.2,1.8,1.8,1,12.19
18,2020,24,1,12.1,6.5,0.3,1,1.2,1.2,0.1,0.2,0.9,1.2,1.3,14.55
19,2019,12,0,5.7,2.3,0.5,1.3,1.8,0.3,0.3,0.3,0.1,0.7,3,21.12
19,2020,18,0,4.1,0.8,0.6,0.7,1.3,0.2,0.1,0.2,0.2,0.4,1.3,8.89
20,2020,18,1,8.8,3.2,0.2,0.7,0.9,0.8,0.3,0.1,0.4,1.1,1.8,8.55
21,2019,51,6,10.4,3.9,0.9,2,2.9,1.2,0.3,0.3,0.9,1.9,1.3,13.12
22,2020,8,8,28.1,17.5,3,8.1,11.1,1.8,1.5,1.4,3.6,3.1,0.5,21.19
23,2019,68,13,23.2,5.7,0.7,3,3.7,3.2,0.9,0.8,0.8,1.4,4.2,13.12
23,2020,21,0,19.9,4.6,0.8,2.9,3.7,2.4,0.7,1,1.2,1.7,2,10.53
24,2019,4,0,3.8,0,0.3,0.3,0.5,0,0.3,0,0.3,0,0,-11.89
25,2020,7,0,12.4,2.9,1,2.9,3.9,0.6,0.1,0.4,0.3,1.9,2,5.46
26,2019,11,5,12.2,3.5,1.1,3.9,5,1,0.3,0.7,0.7,2,1.4,13.48
27,2019,10,0,14.4,4.3,0.4,1.1,1.5,1.7,0.4,0.2,1,2.6,1.7,6.61
28,2019,73,73,34.8,18.1,1.1,3.7,4.8,2.5,1,0.7,1.9,2.1,1.3,12.42
28,2020,12,12,33.6,19.4,1.5,3.1,4.6,3.6,1.3,1.4,2.1,2.2,1.7,17.58
29,2019,20,1,7.1,3.8,0.2,0.5,0.7,0.7,0.1,0,0.6,0.5,1.2,11.14
29,2020,70,4,20.7,8.3,0.4,1.8,2.2,1.4,0.4,0.1,0.9,1.9,1.6,9
30,2019,2,0,7.5,1.5,1,1,2,0,0.5,0,0,1,0,4.35
31,2019,59,25,18.3,7.8,1.8,3.6,5.4,0.9,0.2,0.4,1,1.9,0.9,16.28
31,2020,22,0,10,4.4,0.8,2.2,3,0.3,0.3,0.2,0.5,1.2,0.6,16.45
32,2019,56,56,33,25.9,3.1,8.9,12,3.9,1.6,2.4,2,2.4,1.9,30.32
32,2020,62,62,34.4,26.1,2.3,7,9.3,3.2,1.5,2.3,2.5,2.5,1.3,27.5
33,2019,65,0,16.6,5,0.2,2.5,2.7,0.7,0.3,0.3,0.6,1.4,1.3,8.65
33,2020,13,4,18.2,4.8,0.4,2.2,2.5,0.8,0.5,0.1,0.7,1.1,1.1,8.05
34,2019,57,3,14.5,7.3,0.1,1.7,1.9,0.7,0.2,0.2,0.6,0.7,1.2,10.65
35,2020,11,0,4.2,1,0.2,0.5,0.6,0.1,0.1,0.3,0.2,0.7,0.5,2.55
36,2020,27,0,16.2,5.8,1.6,2.4,4,0.7,0.3,0.4,0.9,2.8,0.8,11.29
37,2019,51,18,16.1,5.6,1.7,3,4.7,1.1,0.2,0.7,0.8,2.5,1.4,14.06
37,2020,42,28,22.3,11.5,1.7,4,5.6,1.6,0.2,0.5,1.2,3.4,1.3,15.22
38,2019,47,13,28.6,8.7,0.3,1.6,1.9,2.3,0.6,0.3,0.7,2.9,3.4,8.18
38,2020,68,4,23.4,8.8,0.4,2.2,2.6,1.7,0.7,0.1,0.7,1.9,2.3,10.47
39,2019,49,49,29.9,8.2,0.7,2,2.7,2,0.6,0.3,1.2,2.7,1.6,5.57
39,2020,49,44,24.2,8.6,0.4,2,2.3,1.3,0.9,0.1,1,2.2,1.3,8.92
40,2019,82,28,23.3,8.9,2,5.3,7.3,2.2,0.9,0.8,1.5,2.5,1.5,17.9
40,2020,72,72,33.6,15.9,2.4,7.8,10.2,5.1,1.1,1.3,2.8,2.5,1.8,20.36
41,2019,19,0,8.3,3.9,0.2,0.7,0.9,0.2,0.3,0.2,0.3,1.2,0.8,10.57
41,2020,71,23,22.8,10.1,0.3,1.9,2.2,0.8,0.6,0.2,0.7,2.2,1.2,11.86
42,2019,79,79,34.2,16.9,2.2,6.6,8.8,7.7,1.4,0.8,3.5,2.6,2.2,20.07
42,2020,57,57,35.4,16.4,2,5.8,7.8,8,2.1,0.6,3.5,3.3,2.3,20.47
43,2019,4,0,15.8,6.5,0,0.8,0.8,1.8,0.3,0.3,0.5,0.8,3.5,9.85
44,2019,54,32,14.5,4.4,1.5,3.1,4.6,0.6,0.2,0.8,0.6,1.9,1,14.43
44,2020,53,29,19.4,7.4,2.3,3.5,5.8,0.9,0.2,0.9,0.9,2.2,1,16.18
45,2019,6,0,7.2,3.5,0.3,1,1.3,0,0.3,0,0.3,0.5,0,14.07
45,2020,10,0,8.3,3,0.3,1.2,1.5,0.3,0.3,0,0.6,0.3,0.5,5.44
46,2020,18,18,28.4,15.5,0.9,3.7,4.7,3.3,0.4,0.4,2.2,1.5,1.5,11.94
47,2019,36,9,10.4,6.7,1.5,2.7,4.2,0.6,0.3,0.5,1,1.6,0.6,24.93
47,2020,44,5,9.6,6.6,1.5,3,4.5,0.5,0.2,0.2,0.7,1.3,0.7,25.8
48,2019,22,6,24.1,14.1,2.1,5.2,7.3,1.3,0.5,0.4,1.3,2.8,1,17.22
48,2020,66,5,21.1,10.1,1.2,3.9,5.1,1.5,0.5,0.3,1.1,1.7,1.3,14.65
49,2019,70,17,27.8,14.1,0.6,2.9,3.5,3.8,1,0.2,1.7,2,2.3,14.12
49,2020,61,28,29,15.1,0.4,3,3.4,3.4,1,0.2,1.7,2.2,2,15.2
50,2019,81,81,31.8,18,0.4,3.7,4.1,2,0.9,0,1.7,1.7,1.2,16.14
50,2020,63,63,33.1,20.2,0.6,3.5,4.1,2.1,0.5,0.1,2.5,1.7,0.8,15.67
51,2020,7,0,12.4,5.7,0.7,2,2.7,0.9,0.3,0.9,1.4,1.6,0.6,14.41
52,2019,8,2,12.3,4.9,1,2.8,3.8,0.4,0.6,0.1,0.4,0.4,1,12.89
53,2019,36,0,9.5,3.9,0.1,1.1,1.1,1.6,0.3,0.1,0.5,0.9,2.9,14.33
53,2020,71,1,19.3,6.9,0.3,1.7,2,2.5,0.9,0.2,1.1,1.9,2.4,12.85
54,2019,82,82,36.9,25.6,1.1,3.9,5,5.5,1.5,0.7,2.7,2.8,2,20.84
54,2020,57,57,36,30.5,0.9,3.3,4.2,6.1,1.2,0.4,3.4,2.2,1.8,23.22
55,2020,58,4,22.4,12.1,1.6,4.4,5.9,1.4,0.6,0.8,0.9,1.7,1.5,20.97
56,2019,16,0,3.6,1.4,0.1,0.1,0.2,0.9,0,0,0.2,0.4,4.7,8.37
56,2020,34,1,12.6,6.1,0.3,1.8,2.1,1.5,0.4,0.1,0.9,1.3,1.8,11.7
57,2019,52,52,33.8,18.3,0.8,4.3,5.1,3,0.5,0.6,2.5,2.9,1.2,13.48
57,2020,62,62,33.9,23.8,0.8,5.3,6.1,4.2,1,0.6,3,2.9,1.4,18.88
58,2019,27,26,22.9,8.5,0.3,1.5,1.9,2.3,0.7,0.1,0.9,1.8,2.5,10.51
58,2020,16,0,15.1,4.9,0.2,1.1,1.3,1.9,0.3,0.1,1,1.3,1.9,5.46
59,2019,14,2,15.3,5.1,0.2,0.9,1.1,0.7,0.6,0.2,0.9,1.4,0.8,8.58
60,2020,6,1,5.2,1,0.2,1,1.2,0,0,0.2,0.2,0.5,0,0.18
61,2019,81,81,28.7,12.5,0.4,4.5,4.9,1.2,0.6,2.2,1,2.3,1.2,14.59
61,2020,68,67,26.7,12,0.9,3.7,4.6,1.5,0.7,2.4,1,2.4,1.4,15.02
62,2019,74,56,19.6,4.3,0.6,1.9,2.5,1.2,0.5,0.5,0.6,2.4,2,6.97
62,2020,58,43,28.2,8.9,1.1,3.7,4.7,4,1.1,0.5,1.7,2.8,2.3,11.96
63,2019,34,19,23.5,8.3,1.2,3.4,4.6,1.5,0.4,1,1.1,2.4,1.3,12.41
63,2020,8,0,6.5,3.5,0.8,1.3,2,0.3,0.6,0.6,0.8,1,0.3,22.16
64,2020,56,13,12.7,4.3,1.2,2.3,3.5,0.9,0.3,0.3,0.8,1.9,1.2,11.96
65,2019,82,81,28,11.8,0.2,2.7,2.9,2.1,0.5,0,1,1.9,2.2,12.05
65,2020,63,62,25.1,11.2,0.2,1.8,2,1.7,0.5,0,0.9,1.8,1.9,11.18
66,2019,82,82,31.9,20.7,1.3,3.7,5,2.5,0.7,0.4,1.8,2.5,1.4,17.6
66,2020,72,44,30.8,19.2,0.8,3.8,4.6,3,0.9,0.2,2.3,2.3,1.3,16.03
67,2019,13,0,22.6,9.3,0.1,2,2.1,1.1,0.6,0.4,0.7,1.3,1.6,10.84
67,2020,10,0,16.1,6.4,0.4,0.8,1.2,1.2,1,0.4,0.4,1.4,3,11.09
68,2019,15,0,8.5,2.6,0.1,0.5,0.5,0.8,0.4,0,0.3,1.1,2.4,8.85
69,2020,18,1,17.6,6.2,0.6,1.6,2.1,1.3,0.7,0.4,0.8,1.8,1.5,11.99
70,2019,18,0,8.1,1.9,0.7,2.2,2.9,0.4,0.2,0,0.9,1.2,0.4,3.17
70,2020,20,1,13.3,3,1.3,3.4,4.7,1.5,0.1,0.3,1.6,2.7,0.9,8.26
71,2020,58,34,26.7,10.5,0.6,3.1,3.7,1.5,1.1,0.5,1.7,2.3,0.9,9.03
72,2020,57,9,22,8.8,0.9,2.4,3.3,1.2,0.6,0.4,0.6,1.5,2.2,12.94
73,2019,31,12,17.3,5.7,0.3,1.4,1.7,2.7,0.6,0.2,1.1,1.6,2.4,10.35
73,2020,8,0,22.9,10.9,0.5,3.4,3.9,3,1,0.3,1.4,2.5,2.2,15.74
74,2019,19,0,13.6,5,0.2,1.4,1.6,0.7,0.3,0.1,0.3,1.4,2.6,10.47
75,2019,40,25,26.6,13.7,0.9,2.9,3.8,3.9,1.1,0.4,1.7,1.9,2.3,14.92
75,2020,45,31,29.6,18.7,1.1,3.1,4.2,4.4,1.2,0.2,2.6,1.8,1.7,16.13
76,2019,10,2,29.4,13.4,0.9,4.5,5.4,0.5,0.4,0.7,0.8,3.2,0.6,10.99
76,2020,58,58,32.8,15.4,1.2,5.1,6.3,1.5,0.8,0.5,1.7,2.9,0.9,12.43
77,2020,37,0,9.5,3.3,0.2,1.1,1.3,0.6,0.3,0.1,0.4,0.9,1.6,6.97
78,2019,76,75,32.2,13,0.6,4.1,4.7,2.6,0.8,0.1,1.5,2.6,1.7,11.53
78,2020,65,65,29.4,11,0.6,3,3.6,2.4,0.8,0.2,1.4,2.5,1.7,10.7
79,2019,44,14,20.3,5.2,0.7,3.5,4.2,0.8,0.5,0.1,0.6,1.3,1.4,8.83
79,2020,28,10,18.8,7.8,0.6,3.2,3.9,0.9,1,0.3,1,1.7,1,12.45
80,2019,25,3,19.8,7.5,0.2,2.6,2.8,1.7,0.8,0.2,1.3,1.8,1.3,8.58
80,2020,5,0,10.8,2.8,0.2,1.2,1.4,0.6,0.8,0.2,0.6,0.6,1,5.62
81,2019,36,6,9.5,3.6,0.1,1.3,1.4,0.6,0.2,0.1,0.4,1.2,1.5,8.95
82,2020,10,0,4,2,0.2,0.2,0.4,0.2,0.2,0.2,0.3,0.3,0.7,11.08
83,2019,49,2,15.2,5.5,0.2,0.9,1.1,2,0.5,0.1,0.9,1.9,2.3,9.91
83,2020,3,0,13.3,1.7,0,0.7,0.7,1.7,0.7,0,0,1,0,6.7
84,2019,64,1,14,6,1.2,4,5.2,0.5,0.5,0.5,0.8,1.8,0.7,17.56
84,2020,47,2,10.2,4.7,0.6,2.1,2.8,0.5,0.2,0.3,0.7,1.2,0.7,16.53
85,2019,29,0,5,1.8,0.3,0.9,1.2,0.4,0.2,0.1,0.5,0.5,0.9,6.43
85,2020,18,0,5.8,3.2,0.7,1.2,1.8,0.6,0.2,0.3,0.6,0.4,1,22.28
86,2019,28,0,5.8,3.3,0.6,1.4,2,0.1,0.2,0.9,0.3,1.1,0.3,22.28
86,2020,62,0,13.2,6.6,1.7,2.7,4.5,0.4,0.4,1,0.5,1.8,0.9,20.76
87,2019,7,0,4.7,0.9,0.1,0.4,0.6,0.6,0.1,0.1,0.1,0.3,4,6.97
87,2020,18,2,15.4,6.4,0.5,1.6,2.1,3.1,0.6,0.1,1.3,1.4,2.4,13.28
88,2020,33,0,8.8,4.9,0.1,0.8,0.9,0.8,0.3,0.2,0.6,0.8,1.4,13.19
89,2019,58,58,32,15.6,0.6,3.9,4.6,8.2,2,0.3,2.6,2.5,3.1,19.71
89,2020,70,70,31.5,17.6,0.4,4.6,5,6.7,1.6,0.2,2.3,2.3,2.9,21.72
90,2020,44,0,7.9,3,1.4,1.5,2.9,0.5,0.2,0.5,0.7,1.9,0.7,17.31
91,2019,13,0,4.8,2.8,0.3,1.2,1.5,0.2,0,0,0.2,0.2,0.7,17.14
91,2020,62,12,21.4,13.1,1.7,4.6,6.3,1,0.5,0.9,1.4,1.6,0.7,23.22
92,2019,70,70,33.9,21,0.9,3.1,4,3,0.8,0.4,1.5,2.5,2,17.05
92,2020,70,70,36.5,22.2,0.7,3.6,4.2,4.4,0.8,0.6,1.8,2.6,2.4,17.08
93,2019,67,67,33.6,16.6,4.4,8.2,12.7,1.4,0.7,1.5,1.4,2.5,1,23.84
93,2020,39,39,32.8,13.9,4.3,9.5,13.8,1.2,0.8,1.8,1.6,2.6,0.8,20.63
94,2020,65,1,25.8,13.2,0.4,3.1,3.5,2.7,0.8,0.1,1.7,1.8,1.6,11.92
95,2020,48,3,18.8,5,0.8,2.5,3.3,2,0.8,0.2,0.9,1.6,2.2,10.54
96,2019,49,47,25.4,10.1,2.2,4.6,6.8,2.1,0.8,0.8,1.3,3.3,1.6,17.25
96,2020,58,39,23.1,11.1,2.8,4.3,7.1,1.5,0.7,0.4,1.3,2.4,1.2,18.84
97,2019,82,72,31.8,16.7,0.7,2.2,2.9,3,0.5,0.1,2.3,2.3,1.3,12.1
97,2020,65,65,33,20.8,0.9,2.2,3.1,3,1,0.1,2.4,2.2,1.2,16.39
98,2019,7,3,20,7.6,0.6,1.9,2.4,1.4,1.7,0.3,1.1,2.3,1.3,10.8
98,2020,5,0,6.6,1,0.4,1.2,1.6,0.4,0.8,0,0.4,1.4,1,8.76
99,2019,82,9,25.2,6.5,0.5,2.9,3.4,3.9,1.1,0.3,1,1.6,4,11.02
99,2020,72,26,24.4,6.4,0.6,2,2.6,3.5,0.7,0.3,1.1,1.8,3.1,10.12
100,2019,22,4,12.2,3.6,0.1,1.1,1.2,1,0.6,0,0.4,0.9,2.3,8.36
100,2020,24,9,14.4,4.5,0.3,1,1.3,0.5,0.8,0.3,0.5,1.4,1.1,10.87
101,2019,60,0,12.4,4,1.3,2.3,3.6,0.6,0.2,0.1,0.6,1.2,1.1,13.39
101,2020,22,0,17.5,3.9,2.5,2.1,4.6,0.7,0.5,0.1,0.8,1.5,0.9,12.79
102,2019,81,81,28,11.7,0.5,2,2.5,5.3,0.6,0,1.6,1.4,3.3,15.72
102,2020,57,13,24.9,10.5,0.4,1.8,2.1,4.6,0.6,0,1.5,1.3,3,14.06
103,2019,48,3,18.4,5.8,0.9,3.7,4.6,1.1,0.4,0.4,0.7,1.8,1.6,10.33
103,2020,37,1,9.8,3.6,0.3,2.2,2.5,0.7,0.1,0.1,0.5,0.9,1.3,8.22
104,2019,81,81,30.2,21.1,0.7,3.2,3.9,7,1.2,0.2,3.1,1.7,2.2,19.48
104,2020,33,33,32.1,23.6,0.4,3.3,3.7,6.2,0.9,0.3,3.1,1.9,2,19.18
105,2019,12,0,13.9,2.8,0.2,0.6,0.8,0.8,0.1,0,0.2,0.6,5,1.98
106,2019,24,22,17.1,5.4,1.3,1.8,3.1,1.2,0.5,1,0.7,2.6,1.8,15.38
106,2020,55,27,16.1,5.6,1.3,2.4,3.7,0.6,0.5,0.7,0.5,2.7,1.3,15.58
107,2019,80,80,35.5,25.8,0.9,3.8,4.6,6.9,1.1,0.4,2.7,1.9,2.6,23.78
107,2020,66,66,37.5,30,0.5,3.8,4.3,8,1.1,0.3,2.9,1.7,2.7,26.95
108,2019,32,0,11.7,4.9,0.3,1.8,2,0.4,0.4,0,0.3,0.9,1.2,11.93
108,2020,49,36,29,12.7,0.7,4.2,4.9,2.7,1,0.1,1.4,2.4,2,12.75
109,2019,73,40,27.5,10.7,0.5,3.1,3.6,1.8,0.8,0.1,1,1.8,1.9,10.81
109,2020,48,0,17.4,6.7,0.2,1.7,1.9,1.2,0.5,0.1,0.4,0.9,2.7,10.94
110,2020,43,7,14.2,5.1,1.2,1.3,2.5,0.5,0.3,1.3,0.7,2.3,0.7,16.21
111,2019,19,3,10.7,3,0.5,1.9,2.5,1.2,0.3,0.1,0.8,1,1.4,7.16
112,2019,66,2,13.8,5.7,1.3,2.1,3.4,1,0.3,0.6,0.5,2.4,2.1,17.07
112,2020,65,64,24.1,9.2,2.2,4.4,6.6,1.7,0.6,1.3,0.8,3.4,2.1,17.89
113,2019,68,68,30.3,19.8,0.8,5.3,6.1,2.6,0.7,0.3,1.5,1.9,1.8,21.02
113,2020,62,62,29.6,18.7,0.5,4.6,5.2,1.9,0.7,0.1,1.2,1.2,1.6,19.5
114,2019,80,80,27.7,10.3,0.8,3.2,4,1.6,0.9,0.7,0.9,2.1,1.7,13.02
114,2020,68,68,24.8,8,0.8,2.6,3.3,1.3,1.3,0.5,0.9,2,1.4,10.79
115,2019,64,21,14.5,3,0.8,2.2,2.9,0.8,0.4,0.2,0.3,1.1,2.3,10.21
116,2019,42,1,15.8,6.9,0.4,1.2,1.6,2.6,0.3,0.1,1.2,1.6,2.1,11.24
116,2020,24,1,16.8,5.6,0.4,1.9,2.3,1.4,0.5,0.3,0.9,1.3,1.6,11.52
117,2019,39,13,25.1,9.4,0.6,2.9,3.6,1,0.5,0.3,0.9,2.1,1.1,12.23
117,2020,63,52,30.4,10.5,0.9,3.3,4.2,1.3,1.1,0.5,0.9,2.1,1.6,11.28
118,2020,13,0,10.8,3.8,0.2,1.2,1.4,0.5,0.3,0.1,0.2,1.5,3.5,11.24
119,2019,68,28,23.9,10.5,1.5,3.9,5.5,1.5,0.6,0.1,1.1,2.1,1.4,14.33
119,2020,66,51,24.7,10.7,1.5,4.6,6.2,1.9,0.6,0.2,1.3,2.4,1.4,14.2
120,2020,61,9,18.5,5.6,0.5,3.5,4,0.7,0.4,0.7,0.7,0.9,0.9,9.64
121,2020,59,59,30.9,12.3,0.5,1.4,1.9,3.9,0.7,0.1,2.6,1.6,1.5,8.54
122,2019,69,15,25.5,8.2,0.2,1.7,1.9,2.1,0.6,0.3,0.9,2.4,2.5,8.39
123,2019,76,76,28.2,11.2,0.5,2.6,3.1,6,1.4,0.1,1.6,1.8,3.7,16.74
124,2019,8,0,11.3,3.6,0.3,1.3,1.5,0.9,0.1,0,0.8,1,1.2,5.54
124,2020,4,0,3.5,0.8,0,0,0,0.3,0,0,0.5,0.3,0.5,-3.06
125,2019,51,14,19.3,6.5,0.8,2.4,3.2,1.1,0.7,0.3,0.6,2.1,1.9,12.51
125,2020,20,0,13.4,5.2,0.4,1.9,2.3,0.4,0.6,0.6,0.4,1.6,1,14.03
126,2019,76,12,21.5,8,0.3,3.2,3.5,1.3,0.5,0.4,0.6,1.8,2.3,13
126,2020,54,4,29.3,15.4,0.6,3.9,4.5,1.7,0.7,0.6,1.1,2.6,1.6,15.53
127,2019,10,0,4.7,1.2,0.2,0.4,0.6,0.3,0.1,0,0.1,0.3,3,8.18
128,2019,81,81,31.4,17.3,0.5,3.2,3.8,7.3,1.6,0.6,2.8,2.5,2.6,18.18
128,2020,51,49,32,21.1,0.7,3.2,3.8,6.8,1.5,0.5,3.1,2.8,2.2,20.7
129,2020,63,62,32,12.3,0.7,3.8,4.5,1.8,0.7,0.3,1.6,2.9,1.1,8.66
130,2019,50,31,19.7,5,0.5,2.2,2.7,3.2,1.4,0.5,1.5,2.3,2.1,9.94
130,2020,60,8,19.5,7.6,0.7,3,3.7,2.9,1.3,0.3,1.4,1.8,2.1,13.49
131,2020,12,0,5.9,1.7,0.3,1.3,1.6,0.2,0.2,0.3,0.3,0.7,0.7,13.93
132,2019,71,70,30.7,16.3,3.1,7.1,10.3,1.8,0.9,0.9,1.8,2.9,1,20.54
132,2020,38,32,32.5,18.2,3.9,7.6,11.5,1.9,0.7,1.5,2.1,3.1,0.9,20.08
133,2019,50,50,31.1,11,3.2,10.5,13.7,2,0.7,1.1,2.2,2.5,0.9,18.07
133,2020,56,6,22,8.3,2.5,7.5,10,1.9,0.3,0.9,1.3,2,1.4,19.95
134,2019,82,15,23.5,8.4,0.7,3.7,4.4,2.5,1.3,0.5,1.7,2.3,1.4,10.79
134,2020,43,4,21.3,5.8,0.8,2.7,3.5,1.9,1.3,0.4,1.4,2,1.4,9.61
135,2020,66,58,25.6,10.9,1,4.8,5.8,4.1,1.7,0.3,1.9,2.2,2.2,16.27
136,2019,26,11,30.8,12.2,1.1,4.3,5.4,5.3,1.6,0.6,1.5,1.9,3.5,16.67
136,2020,73,5,21.5,6.9,1,2.9,3.8,3.3,1.2,0.3,1,1.3,3.3,15.47
137,2019,77,77,34.9,21.2,0.7,5.3,6,6.2,1.1,0.5,2.6,2.3,2.4,19.61
137,2020,68,68,34.1,22.1,0.6,4.9,5.5,5.6,1,0.3,2.4,2.6,2.3,21.66
138,2019,30,30,25.7,16.3,1.4,6.8,8.2,3.6,1.3,1.5,2.4,3.6,1.5,21.44
139,2019,67,8,25.4,11.1,1,4.2,5.2,1.3,0.5,0.1,1.1,1.7,1.2,12.09
139,2020,9,0,17.2,6,0.6,2.1,2.7,1.6,0.7,0.3,0.8,1.3,2,12.8
140,2019,6,0,6.5,3.7,0.3,0.2,0.5,0.8,0.3,0,0.2,0.7,5,21.03
141,2019,19,3,10.2,1.7,0.2,0.8,1,0.3,0.1,0.2,0.3,0.7,0.8,2.75
142,2019,79,14,29.3,15.5,0.5,3.1,3.6,4.1,0.8,0.2,2.2,2.4,1.9,12.76
142,2020,65,2,30.8,18.9,0.3,3.3,3.6,4,0.7,0.2,2.6,2.2,1.6,16.77
143,2019,32,32,28.4,12.9,0.6,2.5,3,4.3,1.3,0.3,3.1,2.6,1.4,11.53
143,2020,34,3,15.8,5.5,0.6,1.7,2.3,2.9,0.8,0.2,1.7,1.9,1.7,7.48
144,2020,36,5,13.6,6.8,0.3,1.8,2.1,1.2,0.7,0.2,0.7,1.4,1.7,13.09
145,2019,32,0,7.5,2.6,0.1,0.8,0.9,0.3,0.2,0.3,0.3,1,1,7.03
145,2020,39,0,9.1,2.7,0.2,1.3,1.5,0.4,0.2,0.3,0.5,0.9,0.9,4.31
146,2019,76,70,23.2,11.8,2.7,4.6,7.4,1.2,0.7,1.4,1.1,2.1,1.1,21.89
146,2020,51,49,24.4,9,3.2,6.6,9.8,1.6,0.6,0.9,1.1,2.1,1.5,18.54
147,2019,60,14,19.2,7,1.6,2.4,4,0.6,0.8,0.7,0.7,2.1,0.9,14.07
147,2020,59,16,23.3,8.5,1.1,2.8,3.9,1.1,1,0.6,0.5,2.2,2.1,14.92
148,2019,51,13,27.3,18,0.6,2.1,2.7,4.3,0.6,0.2,1.6,1.1,2.7,19.52
148,2020,50,15,26,18.1,0.5,1.9,2.4,5.6,0.8,0.3,2.5,1,2.2,21.13
149,2020,3,0,8.7,1,0,0.3,0.3,1.7,1,0,0.3,0.7,5,11.28
150,2019,67,55,25.8,9.9,0.5,3.2,3.7,3.9,1,0.7,1.4,2.2,2.7,14.85
150,2020,68,20,24.7,11.3,0.5,2.8,3.3,3.5,0.6,0.9,1.3,2.2,2.7,16.46
151,2019,7,0,3.1,1,0.1,0.4,0.6,0.9,0.3,0,0.3,0.6,3,8.28
152,2019,64,64,35,26.6,0.6,3.5,4.1,6.8,0.9,0.2,4.1,3.1,1.6,20.3
152,2020,70,70,35.9,26.6,0.4,3.8,4.2,6.5,0.7,0.3,3.8,3,1.7,20.64
153,2019,68,2,15.8,6.3,0.2,1.5,1.6,1.8,0.5,0.2,0.8,2,2.2,10.76
154,2019,7,0,13.6,6.7,0.9,2,2.9,0.9,0.6,0.9,0.3,1.6,3,20.65
155,2020,11,0,7.4,1.8,0.2,0.5,0.6,1.2,0.4,0.1,0.5,0.5,2.6,3.14
156,2020,1,0,9,6,2,3,5,1,0,0,0,0,0,28.72
157,2019,46,3,14.7,4.7,0.2,1.2,1.4,2.6,0.5,0,0.7,1,4,10.32
157,2020,63,53,35.1,18.2,0.7,2.7,3.4,7.5,1,0.2,2.9,1.8,2.6,15.82
158,2020,6,0,4.7,2.3,0.8,1.5,2.3,0.5,0.2,0,0.5,1,1,12.93
159,2019,64,52,25.1,10.8,1.6,5.9,7.5,1.4,1.1,1.1,1.3,3.3,1.1,16.06
159,2020,10,8,23.3,8.1,1.4,6.8,8.2,0.7,1,1.5,1,4,0.7,11.45
160,2019,9,0,13.1,4,1.1,2.9,4,0.6,0.3,0.6,0.3,1.3,1.7,15.62
161,2019,18,0,18.3,7.5,0.5,1.2,1.7,0.9,0.6,0.2,1.1,2.8,0.8,7.62
161,2020,73,73,28.9,16.2,0.9,2.4,3.3,2.1,0.9,0.4,1.7,3.8,1.2,11.35
162,2019,44,28,25.9,12,0.2,2.5,2.6,2.8,0.7,0.2,1.5,1.6,1.9,11.4
162,2020,7,0,23.6,11.9,0.3,1.6,1.9,2.4,0.6,0.6,1.9,2.3,1.3,11.02
163,2019,51,20,15.6,7.3,0.1,3,3.1,0.7,0.2,0.4,0.4,1.5,1.9,9.7
164,2019,1,0,7,2,0,0,0,0,1,0,1,0,0,5.55
165,2019,74,5,24.8,14.1,2.5,6.8,9.3,2.9,0.6,0.4,2.2,3.2,1.3,21.99
165,2020,62,62,34.8,18.5,3,9.4,12.4,5,0.8,0.5,2.7,3.1,1.8,20.72
166,2019,3,0,4.3,2,0.7,0.3,1,0.3,0,0.3,1,2,0.3,-0.38
167,2019,77,77,33.7,23.8,0.8,3.3,4.1,4.2,1.4,0.4,2.8,2.7,1.5,17.26
167,2020,69,69,34.3,24,0.8,3.6,4.4,4.3,1,0.2,2.7,2.5,1.6,18.86
168,2020,5,0,17,6.6,1.6,3,4.6,0.4,0.4,1,0.6,2.8,0.7,17.25
169,2019,27,0,15.2,4.9,0.6,1.8,2.4,1.1,0.5,0.2,0.7,1.4,1.6,9.11
169,2020,66,24,23,9.2,1,3.8,4.8,2.3,1.3,0.3,1.4,1.7,1.7,14.09
170,2019,3,0,0.7,0,0,0,0,0,0,0,0,0,0,-38
171,2019,81,26,24.5,7.5,1.7,3.1,4.8,1.2,0.9,0.4,0.9,2.3,1.3,11.07
171,2020,71,68,29.9,9.5,2,3.7,5.7,1.6,0.6,0.5,1,2.5,1.7,12.35
172,2019,77,1,17.4,7.3,0.2,1.2,1.4,0.9,0.2,0.1,0.5,1.4,1.6,11.64
172,2020,69,0,19.9,10.3,0.4,2.1,2.5,1.1,0.2,0.1,0.6,1.7,1.9,14.43
173,2019,46,27,18,5,0.7,3.2,4,1.2,0.4,0.5,0.8,2,1.5,9.48
173,2020,9,3,21.7,9,1.8,4.1,5.9,2.1,0.4,0.4,1.8,2.9,1.2,12.16
174,2019,66,66,31.3,7.4,0.9,6.4,7.3,6.9,1.4,1.1,2.6,3,2.7,12.88
174,2020,43,43,28.4,8,0.5,5.7,6.2,6.2,1.4,0.8,2.3,2.6,2.7,12.57
175,2019,23,0,4.9,1.8,0.3,1.2,1.5,0.3,0.1,0.2,0.3,0.5,0.9,15.09
175,2020,22,3,12.4,4.9,1.3,2.6,3.9,0.7,0.2,0.8,1,1.7,0.7,17.35
176,2019,15,1,10.7,3.3,0.1,1.1,1.3,0.3,0.3,0,0.3,0.7,1.3,7.64
176,2020,73,68,29.7,13.5,0.1,3,3.2,1.4,0.5,0.3,1,2.6,1.5,13.12
177,2019,2,0,13,4,0,0.5,0.5,2.5,0.5,0,0.5,0.5,5,4.59
177,2020,2,0,6.5,6,0,0.5,0.5,0,0,0,0,0.5,0,21.38
178,2019,43,13,17.7,7.3,0.2,1.9,2.1,1.1,0.3,0.1,0.4,1.7,2.6,11.7
178,2020,39,11,17.6,5.7,0.4,2.2,2.6,1.3,0.6,0.1,0.9,1.3,1.4,6.12
179,2019,9,9,25.6,12.8,2.7,6.6,9.2,0.4,0.8,0.4,1.8,3.8,0.3,17.48
179,2020,69,2,18.9,7.5,2.5,4.9,7.3,0.7,0.4,1.1,1.2,3.2,0.5,18.7
180,2019,77,22,21.6,10.6,1.8,3.5,5.3,1.5,0.6,0.6,0.9,2.6,1.7,20.45
180,2020,40,37,26.5,9.4,1.9,3.8,5.7,1.5,0.9,0.6,0.9,2.6,1.6,15.96
181,2019,72,2,26.2,15,1,3,4,4.2,0.8,0.5,2.3,1.6,1.8,15.86
182,2019,9,0,4.3,2.1,0.1,0.4,0.6,0.2,0.2,0,0.4,0.1,0.5,5.85
182,2020,40,0,12.2,4.8,0.5,1.6,2.2,1.1,0.4,0,0.9,0.8,1.2,9.42
183,2019,53,36,27.6,11.9,0.7,1.7,2.4,1.9,0.8,0.2,1.1,2.1,1.7,11.52
183,2020,56,6,18.2,8.3,0.6,1.8,2.3,1.4,0.6,0.2,0.7,1.4,2,11.38
184,2019,81,1,17.9,5.8,2.7,5.9,8.6,0.8,0.4,0.4,0.8,2.8,1,17.28
184,2020,28,1,10.8,1.8,1.3,2.5,3.8,0.4,0.4,0.3,0.5,2.2,0.9,9.48
185,2019,23,2,9.1,2.9,0.4,0.7,1,0.4,0.5,0.2,0.4,1.1,1,7.64
185,2020,31,3,14.4,4.9,0.4,1.1,1.5,1.8,0.5,0.3,0.7,1.4,2.5,10.18
186,2019,51,1,6.3,2.3,0.5,1.2,1.8,0.5,0.2,0.6,0.3,0.7,2.2,20.95
187,2019,42,42,29.8,10.6,1.2,4.1,5.2,7.6,1,0.4,2.7,1.9,2.9,14.02
187,2020,45,36,27.7,10,1.2,3.6,4.7,7.2,1.6,0.4,2.1,2,3.4,15.98
188,2019,53,16,18.1,5.7,0.2,1.6,1.8,2.4,0.6,0.1,1.3,2.1,1.8,7.65
188,2020,55,3,13.1,4,0.3,1.3,1.6,2.1,0.4,0.1,0.7,1,3,10.68
189,2019,1,0,3,1,1,0,1,1,0,0,0,0,0,18.33
190,2019,59,42,27.2,14.8,0.6,2.8,3.3,3.9,0.7,0.3,2.4,1.7,1.6,14.62
190,2020,54,2,15.7,7.3,0.3,2,2.3,2.1,0.4,0.2,1.4,1.3,1.5,13.07
191,2019,44,23,25.6,14,3.9,6.6,10.5,1.9,0.4,0.4,1.8,2.4,1.1,21.8
191,2020,58,7,16.9,8.1,2.8,4.6,7.4,1,0.4,0.7,1,1.7,1,22.48
192,2019,78,78,29.1,15.9,1.1,3.6,4.6,5.5,1.5,0.4,2.1,2,2.6,19.31
192,2020,61,61,27,14.9,0.7,3.9,4.6,5.4,0.9,0.4,2.4,2.1,2.2,17.68
193,2019,68,53,31.7,16.2,0.3,1.9,2.2,1.9,0.6,0.4,1.3,2.1,1.4,12.25
193,2020,36,15,28.2,14.4,0.3,1.7,2,1.5,0.6,0.4,1.2,1.9,1.3,10.31
194,2020,1,0,19,6,2,5,7,0,0,0,0,5,0,13.94
195,2019,1,0,5,0,0,3,3,0,0,0,0,1,0,3.92
196,2020,60,26,27.6,14,1.4,3.2,4.6,2.1,0.5,0.2,1.6,2.1,1.4,14.53
197,2019,67,7,18.4,6.8,1.4,3.1,4.5,0.8,0.5,0.3,0.7,2.6,1.1,11.6
197,2020,63,8,15.7,6.6,1,3.8,4.8,0.8,0.4,0.3,0.5,1.5,1.4,14.89
198,2019,81,81,31.5,15.1,0.5,2.7,3.2,3.6,0.9,0.1,1.9,2.8,1.9,12.32
198,2020,66,66,31.5,18.5,0.3,2.3,2.6,3.2,1.1,0.2,1.9,2.4,1.7,16.44
199,2019,73,2,22,6.8,0.5,4,4.5,3.9,0.5,0.2,1.6,1.5,2.5,11.61
199,2020,19,0,13.2,3.3,0.4,1.6,2,2,0.5,0.4,1.4,1.1,1.5,6.81
200,2019,61,16,19.2,8.1,0.4,1.8,2.2,1.1,0.4,0,0.8,1.5,1.4,9.42
200,2020,59,2,13.5,6.3,0.4,1,1.4,1,0.3,0.1,0.8,1.3,1.2,9.16
201,2019,47,0,16.1,8.6,0.8,2.6,3.5,1.3,0.3,0.3,0.9,1.4,1.5,16.88
201,2020,39,13,19.9,9.7,0.9,3.6,4.5,1.9,0.4,0.3,0.9,1.9,2,14.25
202,2019,38,0,11.4,5.1,0.2,1,1.1,2.2,0.4,0.1,0.9,0.9,2.3,12.44
202,2020,9,0,13.1,6.9,0.6,1.6,2.1,3.2,0.6,0.1,1.2,1.2,2.6,16.95
203,2019,43,16,21,5.7,0.3,1.7,2,2.8,0.7,0.3,1.3,2.4,2.2,6.03
203,2020,57,26,20.8,6.3,0.4,1.7,2.1,3,0.9,0.3,1.2,2.5,2.4,9.85
204,2019,64,28,27.5,11,0.3,2.3,2.6,4.8,0.9,0.3,1.3,1.7,3.7,13.73
204,2020,54,54,35.7,17.6,0.3,3.4,3.8,6.6,1.9,0.3,2.2,2.4,3,16.32
205,2019,48,7,14.1,5.8,0.3,1.9,2.2,1.1,0.6,0,0.5,1.3,2.1,11.49
205,2020,72,12,21.7,9.8,0.3,2.1,2.3,1.1,0.6,0.2,0.8,1.4,1.3,12.08
206,2020,9,0,9.2,2.4,0,0.6,0.6,0.7,0.6,0,0.1,0.7,6,1.27
207,2019,26,6,19.6,4.7,0.4,2.1,2.5,1.4,1,0.2,0.6,2.7,2.3,8.03
207,2020,62,35,27.9,10.3,0.5,3,3.5,2.5,0.8,0.5,1,1.7,2.5,10.55
208,2020,18,0,12.6,5.4,0.3,1,1.3,0.6,0.4,0.1,0.4,1.8,1.3,13.14
209,2019,51,2,12.6,2.9,0.5,1.8,2.3,0.4,0.4,0.5,0.1,0.9,2.6,9.17
209,2020,18,0,11.8,3.9,0.6,1.6,2.2,0.7,0.1,0.4,0.1,1.2,6,11.83
210,2019,57,48,28.8,12.9,0.7,2.1,2.8,2.2,1,0.3,1.2,2,1.9,12.24
210,2020,56,55,31.8,10.4,0.5,2.4,2.9,2.1,1.4,0.3,1.1,2.1,2,9.78
211,2019,3,0,5.3,3.7,0.3,0.3,0.7,1.3,1,0.3,0.3,0.7,4,37.01
211,2020,29,17,14.9,3.9,0.9,1.9,2.8,1.7,1.1,0.2,0.7,1.9,2.4,11.32
212,2019,15,1,7.4,2.7,0.1,0.7,0.7,0.3,0.1,0.1,0.3,0.3,1.3,3.61
212,2020,61,8,21.8,8.9,0.4,1.2,1.6,1,0.8,0.3,0.3,1.5,2.9,12.91
213,2019,13,13,26.5,10.8,0.9,1.2,2.1,2.8,0.9,0.1,1.5,2.7,1.8,13.49
213,2020,59,2,21.5,9.4,0.8,2.2,3,3.1,0.8,0.1,1,1.4,3.2,16.97
214,2019,1,0,6,0,0,1,1,0,0,0,0,0,0,1.93
215,2019,59,0,8.7,4,0.2,1.3,1.5,0.6,0.2,0.1,0.4,1,1.5,13.06
215,2020,66,1,14,5.9,0.2,1.7,1.9,0.7,0.3,0.1,0.5,1.1,1.5,11.79
216,2019,73,0,20.2,9.2,0.4,2.1,2.5,0.5,0.5,0.4,0.8,1.7,0.7,11.41
217,2019,72,72,32.8,27.7,2.2,10.3,12.5,5.9,1.3,1.5,3.7,3.2,1.6,30.95
217,2020,63,63,30.4,29.5,2.2,11.4,13.6,5.6,1,1,3.7,3.1,1.5,31.94
218,2019,47,18,13,4.2,0.4,1.1,1.5,0.4,0.3,0.2,0.4,1,1.2,8.77
218,2020,48,48,31.6,12.9,1.4,3.3,4.7,1.8,0.9,0.3,1,1.7,1.7,13.17
219,2020,54,2,8.7,3.2,0.5,1.5,2,0.4,0.2,0.7,0.5,1.2,0.8,12.17
220,2019,36,22,27.5,13.7,0.6,2.5,3.1,4.8,0.8,0.1,2,2.3,2.5,13.99
220,2020,59,3,28.2,16.2,0.5,2.7,3.2,5.1,0.7,0.2,2.4,2.1,2.1,16.41
221,2019,72,18,25.9,11.5,0.7,3.8,4.5,3.4,0.9,0.3,1.5,1.4,2.3,15.62
221,2020,52,52,33.5,17.5,1.1,5.6,6.7,4.1,0.7,0.4,1.8,1.8,2.2,18.16
222,2019,76,2,13.6,6.4,1.1,3,4.1,0.9,0.6,0.5,0.8,1.8,1.3,18.17
222,2020,17,0,18.7,7.2,1.1,4.7,5.8,0.9,0.8,1,0.9,2.1,0.9,15.5
223,2020,69,5,15.1,3.4,0.9,1.7,2.6,1,0.4,0.5,0.7,2.4,1.4,7.91
224,2019,38,2,10.9,5.6,0.1,0.5,0.6,0.7,0.2,0.2,0.9,1.2,0.8,7.58
224,2020,38,0,18.9,8.7,0.2,2,2.2,1.4,0.3,0.1,0.9,1.4,1.6,12.01
225,2019,2,0,2.5,3,1.5,0,1.5,0.5,0,0,0,0,0,60.38
226,2019,41,1,6.1,2.3,0.6,0.7,1.3,0.4,0.2,0.2,0.4,0.8,1,12.46
227,2019,51,3,10.3,3.7,0.7,1.2,1.9,0.3,0.4,0.2,0.5,1.5,0.7,10.17
227,2020,46,3,19.5,6.9,1,2.7,3.6,0.8,0.8,0.2,1.1,2.2,0.7,9.36
228,2019,49,49,32.3,17.7,0.7,3.5,4.2,1.3,0.7,0.2,1.4,1.6,0.9,13.11
228,2020,72,72,34.5,14.5,1.1,3.9,4.9,2.2,0.6,0.2,1.2,1.3,1.8,13.3
229,2019,58,0,14.1,7,1.1,2.7,3.8,1.5,0.5,0.4,1.3,2.6,1.2,14.42
229,2020,46,17,14.5,6.9,0.9,3.2,4.1,1.3,0.5,0.4,1,2.6,1.4,16.51
230,2019,72,53,23.3,12.3,3.6,7.8,11.3,0.8,0.6,1.9,1.3,2.7,0.6,23.52
230,2020,67,61,30,15.5,3.9,9.7,13.5,1.2,0.4,2.9,1.8,2.9,0.7,25.07
231,2019,5,0,8,1.8,0,1,1,0.4,0.2,0,0.2,0.2,2,4.52
232,2019,2,0,12.5,6,0,4.5,4.5,0.5,0,0,0,1,0,14.86
232,2020,5,0,3,0.4,0.4,0.8,1.2,0.2,0,0,0,0.2,0,-1.23
233,2019,60,6,16.2,6.7,0.2,1.3,1.5,1.6,0.4,0.1,1,1.6,1.6,8.32
234,2019,34,6,14.6,4.1,1.4,2.4,3.8,0.7,0.7,0.5,0.6,2.5,1.2,12.03
234,2020,38,35,21.3,7.4,2.1,3.7,5.7,1.3,0.8,1.2,1.2,3,1.1,14.19
235,2020,9,0,5.9,1.9,0.2,0.3,0.6,0.4,0,0.1,0.2,0.3,2,3.29
236,2019,3,0,2,0,0.3,0.7,1,0.3,0,0.3,0.3,0,1,-5.99
237,2019,20,1,19.1,4.6,0.4,2.3,2.7,1.1,0.6,0.2,0.6,1.8,1.8,6.28
237,2020,13,0,18.5,4.2,0.7,1.9,2.6,0.9,0.9,0.2,0.8,1.6,1.2,5.3
238,2019,22,0,5.5,0.9,0.4,0.7,1.1,0.7,0.4,0.2,0.3,0.4,2.5,5.96
238,2020,66,49,18.9,5,1.1,2.3,3.4,1.2,0.7,0.3,0.9,2.4,1.3,10.23
239,2019,5,1,11.2,3,0.8,1.4,2.2,0,0.2,0,0,1.4,0,3.4
240,2019,39,0,14.3,3.5,0.1,1.8,1.9,2.2,0.3,0.1,0.8,1.7,2.8,6.74
241,2019,4,0,7.8,1.5,0.3,0.8,1,0.8,0,0.3,0.5,0.5,1.5,5.26
242,2019,28,0,7.9,1.9,0.8,0.9,1.7,0.5,0.3,0.4,0.5,2,1.2,10.04
242,2020,23,2,11.6,4.7,1.3,2.7,3.9,0.8,0.4,0.5,0.7,1.8,1.1,18.66
243,2019,3,0,10.7,4,0.7,1.7,2.3,0.7,0.3,1,0.3,1.7,2,17.39
244,2020,3,0,3.7,0,0,0.7,0.7,0,0,0,0.3,0.3,0,-7.69
245,2019,12,0,15.1,8.1,0.4,0.7,1.1,1.9,0.4,0.1,1.5,1.4,1.3,7.1
245,2020,40,37,23.1,12.2,0.3,1.4,1.7,3.7,0.3,0.2,1.9,1.9,1.9,11.68
246,2019,56,0,22.3,8.9,0.4,2.2,2.6,3.6,0.5,0.2,1.1,1.9,3.3,11.86
246,2020,68,23,26.3,10.9,0.4,2.8,3.2,4.9,0.9,0.4,1.4,1.6,3.5,13.96
247,2019,49,13,14.7,5.8,1.4,2.8,4.2,1.1,0.3,0.3,0.7,1.8,1.5,16.13
248,2019,26,25,20.2,9.4,2.3,5.3,7.7,1.5,0.4,0.9,1.4,2.5,1,18.35
248,2020,72,70,18.4,8.3,2.7,4.8,7.5,1.1,0.2,0.9,0.8,2.3,1.3,21.75
249,2019,38,0,19.8,10.9,0.3,2.2,2.5,5.6,0.6,0,1.9,1.3,2.9,16.36
249,2020,29,6,15.5,7.7,0.3,1.5,1.8,3.9,0.2,0.1,1.3,0.9,2.9,14.64
250,2019,2,0,8.5,3,0,1.5,1.5,1,0,0,0,0,0,5.79
250,2020,1,0,1,0,0,0,0,0,0,0,0,0,0,0
251,2020,67,67,31,17.8,0.8,3.1,3.9,7.3,0.9,0.3,3.3,1.6,2.2,17.45
252,2019,39,17,26.7,14.3,1.1,5.1,6.2,2.2,0.6,0.4,2.2,2.2,1,14.62
252,2020,32,23,26.2,15,1.7,4.3,6,1.8,1.3,0.5,1.9,2.9,1,17.27
253,2019,30,1,6.8,1.3,0.2,0.6,0.8,0.8,0.2,0.1,0.4,0.9,2.1,3.53
253,2020,27,1,15.3,4.7,0.3,1.2,1.5,1.1,0.4,0.4,0.9,1.5,1.2,5.68
254,2019,80,11,27.1,11.9,0.8,4.1,4.8,1.7,0.8,0.4,1.1,2.1,1.6,12.16
254,2020,45,45,29.4,9.9,0.9,5.3,6.2,2.8,1,0.3,1.2,1.9,2.3,11.01
255,2019,59,24,15.8,8.2,1.4,3.3,4.7,0.7,0.3,0.7,0.9,1.6,0.8,18
255,2020,30,9,15.6,8.1,1.6,2.6,4.2,1.2,0.2,0.7,1.3,2.2,1,18.39
256,2019,4,0,31.8,20,1.3,6.8,8,1,1,0.8,1,2,1,22.5
256,2020,34,12,13.9,4.6,0.6,2,2.6,0.6,0.5,0.4,0.4,1.9,1.4,12.6
257,2019,71,33,18.7,7.6,0.8,2.3,3.1,0.7,0.4,0.4,0.6,1.6,1.2,13.52
257,2020,23,2,22,9.1,0.7,1.7,2.5,0.7,0.7,0.4,1,2,0.6,10.3
258,2019,77,24,16.5,5.5,2.3,3,5.3,1.2,0.4,0.9,0.6,1.6,1.9,19.38
258,2020,66,18,17.7,5.6,2,3.7,5.7,1.8,0.6,1.4,0.8,1.9,2.2,19.19
259,2019,73,38,21.8,9.3,0.3,2,2.3,3.2,0.5,0.1,1.2,1.7,2.6,12.8
259,2020,57,16,17.9,8.2,0.4,2,2.4,3.3,0.4,0.1,1.2,1.3,2.8,14.96
260,2019,16,0,13.4,5.1,0.7,1.4,2.1,0.4,0.6,0.1,0.5,1.7,0.9,11.7
261,2020,5,0,6.4,2,0,0.4,0.4,0.4,0,0,0.4,0.6,1,2.73
262,2020,16,0,18.3,5.6,0.9,3.1,4.1,0.8,0.5,0.2,0.7,2.3,1.2,10.75
263,2019,64,0,18.9,7.9,0.1,1.2,1.3,3.6,0.5,0.2,1.5,1.2,2.3,11.75
263,2020,1,0,6,5,0,0,0,3,0,0,0,1,0,33.31
264,2019,75,74,32.6,18.2,0.9,3.4,4.2,4.8,0.9,0.4,2.1,2,2.3,16.11
264,2020,59,59,32.3,18.5,0.8,3.2,4,4.8,1.1,0.3,2.2,1.7,2.2,17.78
265,2019,40,25,23.7,7.4,0.9,2,2.9,0.7,1,0.4,0.6,2.8,1.2,11.3
265,2020,20,18,24.5,8.5,1.2,3.6,4.8,1.1,0.6,0.4,1.4,2.6,0.8,10.38
266,2019,78,78,36.8,36.1,0.8,5.8,6.6,7.5,2,0.7,5,3.1,1.5,30.62
266,2020,68,68,36.5,34.3,1,5.5,6.6,7.5,1.8,0.9,4.5,3.3,1.7,29.11
267,2019,55,33,21.2,7.8,0.4,2.8,3.2,2.5,0.6,0.5,1.3,2.1,1.8,10.96
267,2020,18,0,15.6,5.7,0.4,2.4,2.9,1.2,0.3,0.7,0.8,1.9,1.4,11.12
268,2019,2,0,19,4.5,0,0.5,0.5,1,0,0,0,3,0,-0.78
269,2019,24,2,19.6,8.7,1.3,5.2,6.5,0.6,0.5,0.3,1,2.9,0.6,14.34
269,2020,63,1,20.7,6.8,1.2,4.9,6.2,0.8,0.5,0.4,0.9,2.8,0.9,11.11
270,2019,59,25,20.7,4.9,0.6,2.1,2.6,1.4,0.6,0.3,0.7,2.2,1.9,7.83
270,2020,45,1,8.1,1.5,0.1,1,1.2,0.6,0.3,0.1,0.2,0.9,3.5,7.82
271,2020,3,0,2.7,0.7,0,0,0,0,0,0,0,0,0,-5.27
272,2019,14,0,7.9,2.2,0.1,0.4,0.4,0.9,0.2,0.1,0.7,1.1,1.2,0.79
273,2019,42,1,7.8,2.7,0.3,1.5,1.7,0.4,0.1,0.2,0.3,1.2,1.6,9.46
274,2019,58,56,26.1,13.8,1.3,3.4,4.7,1.1,0.9,1.4,1.7,3.8,0.7,16.43
274,2020,57,57,28.5,17.4,1,3.6,4.6,1.4,0.7,1.6,1.7,4.1,0.8,16.33
275,2019,27,4,16.3,4.2,1,2.7,3.6,0.5,0.3,0.3,0.4,0.7,1.2,10.2
276,2019,17,0,4.1,1.4,0.4,0.9,1.4,0.2,0.4,0.1,0.5,0.5,0.4,12.4
276,2020,9,0,4.6,1.1,0.3,0.6,0.9,0.2,0.3,0.1,0.8,0.7,0.3,7.2
277,2020,9,0,10.7,2.7,0.2,2,2.2,1.2,0.3,0.6,0.8,0.8,1.6,8.06
278,2019,80,80,26.2,10.9,2.4,6,8.4,1.4,0.5,1.5,1.3,2.3,1.1,18.57
278,2020,70,64,26.5,11.1,3.1,6.5,9.6,1.6,0.6,1.3,1.1,2.3,1.4,20.69
279,2020,63,35,23.9,9.2,1.1,2.3,3.4,1.7,0.9,0.6,1.3,2,1.4,9.62
280,2020,4,0,3.5,1,0.3,0,0.3,0,0.3,0,0,0.3,0,-0.07
281,2019,6,0,6.7,2.2,0.5,1.3,1.8,0.2,0.3,0.3,0.8,1,0.2,6.32
282,2019,75,62,22.3,12,2.6,4.9,7.5,0.7,0.6,2,1.4,2.8,0.5,21.88
282,2020,68,68,16.6,6.6,1.8,3.9,5.7,0.5,0.5,1.4,0.8,2.3,0.7,19.39
283,2020,48,2,9.8,3.4,0.5,1.4,1.9,0.5,0.5,0.2,0.5,0.9,1.1,13.12
284,2019,1,0,1,0,0,0,0,0,0,0,0,0,0,-38
285,2020,64,14,16.9,7.4,1.5,2.5,4,0.9,0.4,0.9,0.8,2.5,1.1,17.64
286,2019,34,1,12.6,3.2,0.3,1.4,1.8,1.9,0.4,0.1,0.8,1.3,2.3,7.58
287,2019,74,25,25.9,13,0.9,3.4,4.2,1.4,0.9,0.4,1.3,2.5,1,13.58
287,2020,57,57,33.9,20.3,1.1,5.3,6.4,2.1,1.1,0.4,2.2,2.9,0.9,17
288,2020,13,0,7.9,2.9,1.1,1.4,2.5,0.3,0.4,0,0.3,0.9,1,14.88
289,2019,4,0,7.3,2.5,0,1.3,1.3,1,0.5,0,0.3,0.3,4,12.18
290,2020,15,0,10.1,3.8,0.2,0.7,0.9,1.3,0.2,0.1,0.2,0.7,6.3,10.55
291,2019,79,79,31.1,15.7,0.9,5.2,6,2.1,1.1,0.7,1.5,2.1,1.4,15.13
291,2020,66,66,34.3,23.4,1,6,7,3,1.4,0.9,2.3,2.1,1.3,20.45
292,2019,77,44,27.2,12.3,0.7,3.3,4,1.8,0.6,0.5,1.3,2.1,1.4,13.66
292,2020,18,2,22.6,12.2,0.6,2.3,2.9,1.7,0.8,0.5,0.8,2.4,2,18.68
293,2019,42,41,30.1,12.1,0.4,2.1,2.5,8.2,1,0.4,2.3,2.1,3.5,15.43
293,2020,25,4,20.8,7.7,0.5,1.7,2.2,4,0.8,0.2,1.6,1.4,2.5,12.26
294,2019,6,2,23.8,4.5,2.7,5.5,8.2,2.2,1.2,0.8,0.8,1.7,2.6,12.12
295,2019,80,77,32.7,13.6,1.2,4,5.2,1,0.8,1.3,0.8,2.7,1.2,13.87
295,2020,71,24,26.6,12,0.8,2.7,3.5,1.2,0.7,0.8,0.9,2.2,1.4,14.46
296,2020,9,0,11,7.1,0.1,1,1.1,2,0.8,0.2,0.4,0.8,4.5,21.89
297,2019,79,55,28.5,15.3,0.8,4.7,5.5,2.2,1.1,0.4,1,1.8,2.2,17.38
297,2020,46,42,28.1,12.5,0.5,3.8,4.3,2.1,1.2,0.5,1.1,2.3,1.9,14.05
298,2019,51,1,19.7,10.7,0.3,2,2.3,3.5,0.7,0.1,1.9,1.9,1.8,15.9
299,2020,3,0,14.7,8.3,0.3,0.7,1,2.7,0.3,0,1.3,2.7,2,12.74
300,2019,60,1,15.7,4.2,0.3,1.3,1.6,2.6,0.7,0.1,0.9,1.3,3.1,10.86
300,2020,6,0,13.3,4.5,0.3,0.7,1,1.5,0.2,0.2,0.5,1.8,3,6.68
301,2019,33,0,9.7,3.4,0.1,1.2,1.2,0.6,0.3,0.1,0.4,1.4,1.5,7.27
301,2020,42,1,11.3,2.9,0.1,1.3,1.4,1.1,0.3,0.2,0.6,1.3,1.8,4.86
302,2019,34,6,19.3,6.1,0.3,1.5,1.8,3.5,0.5,0.1,0.9,1.6,3.7,8.58
303,2019,39,3,14.8,4.4,0.4,1.3,1.7,1.8,0.7,0.3,0.8,1.4,2.1,7.86
303,2020,58,2,16.3,4.9,0.5,1.5,2,1.4,0.8,0.3,0.6,1.5,2.6,11.36
304,2019,6,0,10.8,3.7,0.2,1,1.2,1.3,0.5,0,0.8,0.8,1.6,3.61
305,2019,10,10,36.1,21.3,1.6,3.6,5.2,4.3,2.4,1,1.4,1.8,3.1,22.34
305,2020,58,58,33.8,19.9,1.8,4.8,6.7,6,1.8,0.6,2.2,1.4,2.8,23.61
306,2019,76,63,31.3,18.1,0.3,2.2,2.4,2.7,0.4,0.2,1.3,1.7,2,15.15
306,2020,60,36,26.4,15.3,0.2,2.4,2.5,2,0.3,0.2,1.3,1.6,1.6,15.47
307,2019,42,1,16.5,7.1,1.4,4.3,5.7,2.1,0.5,0.7,1.2,2.3,1.8,18.63
307,2020,5,0,10,2.8,1,2.2,3.2,1.4,0.2,0.2,1.2,1.8,1.2,11.11
308,2019,8,0,13,6.4,0.1,1.4,1.5,1,0.1,0.1,0.3,0.6,4,16.04
309,2019,1,0,8,2,0,0,0,1,0,0,0,1,0,2.04
309,2020,4,0,8.3,0.5,0,0,0,0.3,1,0,0.5,0.5,0.5,-2.86
310,2019,76,76,30.2,13.7,0.7,3.1,3.8,2.4,0.5,0.2,1.6,2.4,1.5,13.56
310,2020,69,69,30.8,14.5,0.9,3.4,4.3,2.1,0.6,0.2,1.5,2.3,1.4,13.37
311,2019,82,82,31.3,12.1,0.4,3.6,4,5.7,1.2,0.2,2.4,2.2,2.4,13.46
311,2020,72,45,29.7,9.8,0.4,3.5,3.9,5.2,0.9,0.2,2,2.1,2.6,12.64
312,2019,64,64,33.7,27.5,2.5,11.1,13.6,3.7,0.7,1.9,3.5,3.3,1,26.21
312,2020,51,51,29.5,23,2.8,8.9,11.6,3,0.9,1.3,3.1,3.4,1,25.82
313,2019,61,59,30,19.5,3.6,6.2,9.8,2,0.4,0.6,2,3.3,1,21.85
313,2020,41,41,33.2,21.6,2.8,7.3,10.1,1.5,0.8,1.6,1.8,3.4,0.8,23.59
314,2019,14,0,13.4,5.6,1.1,3.9,5.1,1,0.5,0.8,0.9,1.1,1.2,17.16
314,2020,29,2,14.2,5,1.1,2.8,3.9,1.5,0.6,1.1,0.7,1.9,2,16.98
315,2019,1,0,1,0,0,0,0,0,0,0,0,0,0,0
316,2019,22,0,14.5,5.2,0.3,1.4,1.6,1,0,0.1,0.4,0.5,2.3,9.3
317,2020,19,0,9.5,2.8,0.9,1.5,2.5,1.2,0.4,0.2,0.4,0.4,3.1,18
318,2019,32,32,34.5,20.7,0.5,3.2,3.6,8.7,1.5,0.9,3.8,2.2,2.3,18.09
319,2019,22,0,7.1,4.6,0.8,1.5,2.3,0.5,0.2,0.1,0.7,1.2,0.7,18.92
319,2020,13,0,3.2,2.2,0.2,0.5,0.8,0.6,0.2,0,0.4,0.5,1.6,28.53
320,2019,24,0,15.5,6.5,2,2.1,4.1,0.5,0.3,0.3,0.7,2.6,0.8,15.17
320,2020,15,6,12,3,1.6,2.7,4.3,0.5,0.1,0.5,0.3,1.1,1.6,14.03
321,2019,41,1,9.8,3.8,0.7,1.7,2.4,0.3,0.3,0.1,0.6,1.5,0.6,13.22
322,2019,44,10,14.5,4.7,1.1,2.7,3.8,0.9,0.4,0.9,0.8,2.3,1.1,12.75
322,2020,4,0,3.5,1,0,0.3,0.3,0,0.3,0,0.5,1,0,-1.93
323,2019,73,6,16.7,6.3,1,3,3.9,1.3,0.4,0.2,0.6,1.9,2.2,13.49
324,2019,19,17,27.7,19.9,2.7,7.9,10.7,2.2,0.3,1.6,2.7,3.4,0.8,24.46
324,2020,70,70,26.4,14.9,3,8.2,11.3,1.9,0.4,1.1,1.8,2.6,1,22.32
325,2019,75,64,26.6,9.6,1.3,4.2,5.5,1.1,0.8,1.3,1,1.9,1.1,13.02
325,2020,34,32,28.8,11.9,1.7,5.1,6.8,1.4,1.6,2.3,1.4,2.4,1,17.31
326,2019,41,9,20.6,6.9,0.6,1.9,2.4,2.3,0.4,0.3,1.4,1.7,1.7,7.43
327,2019,68,3,11.6,3.3,0.8,1.9,2.7,1.1,0.3,0.8,0.6,1.2,1.8,12.94
327,2020,2,0,10.5,5,1,0.5,1.5,1,0.5,0,1.5,1,0.7,12.63
328,2020,10,0,5.3,1.2,0,0.4,0.4,0.8,0.1,0,0.2,0.6,4,0.81
329,2019,81,0,27.3,16.8,1,2.3,3.3,2.4,0.7,0.2,1.7,1.4,1.5,16.84
329,2020,29,0,23,14.6,0.7,1.7,2.4,2.4,0.6,0.3,1.3,1.1,1.8,18.68
330,2019,12,0,4.6,2.4,0.1,0.7,0.8,0.5,0,0,0.2,0.4,3,16.36
331,2020,30,2,19.7,7.6,0.2,1.4,1.6,4.2,1.1,0.1,1,1,4,16.35
332,2019,27,0,12.3,5.9,0.2,1.3,1.5,1.1,0.5,0.3,0.6,1,2,14.37
332,2020,4,0,8,2.3,0.3,1,1.3,1,0.5,0.3,0,0.5,0,16.74
333,2020,57,14,22.4,8.8,0.2,1.9,2.1,2.4,0.6,0.2,1.3,1.6,1.8,7.25
334,2019,1,0,4,3,0,0,0,0,0,0,0,0,0,29.75
335,2019,49,0,12.9,2.3,0.2,1,1.2,2.3,0.3,0.1,0.7,1.3,3.3,7.09
336,2020,2,0,11.5,1,0.5,0.5,1,1,0,0,2.5,0.5,0.4,-5.02
337,2019,67,22,25.6,7.8,0.5,3.2,3.7,1.4,1,0.6,0.9,2.2,1.6,9.31
337,2020,65,16,27,10.1,0.9,5.6,6.5,1.7,1,0.4,1.2,2.5,1.4,11.95
338,2019,79,29,25.2,11.5,0.8,3.6,4.4,2.3,0.9,0.7,2.2,2.6,1.1,10.67
338,2020,22,0,17.3,9,0.5,2.5,3,1.6,0.8,0.4,1.3,1.8,1.3,14.15
339,2020,8,0,4.8,1.5,0.1,0.6,0.8,0.6,0.4,0.1,0.6,0.5,1,5.14
340,2019,74,52,23.7,7.7,0.6,2.4,2.9,1.2,1.2,0.4,0.9,2.2,1.4,9.38
340,2020,62,28,25,8.6,1.4,2.9,4.3,1.6,1.1,0.4,1.4,2.2,1.1,11.56
341,2020,4,0,7,2,0.3,0.5,0.8,0.8,0,0,0,1.3,0,5.81
342,2019,73,73,34.8,16.6,0.7,2.9,3.6,4.1,1.1,0.5,1.5,2.7,2.6,14.01
342,2020,55,53,30.8,13.7,0.7,2.4,3.2,2.9,0.9,0.7,1.9,2.5,1.6,12.02
343,2019,11,4,20.2,6.7,0,1.6,1.6,1.9,1,0.3,1,1.7,1.9,7.8
343,2020,6,0,13.2,2.8,0,0.8,0.8,0.5,0.2,0,0.7,0.8,0.8,0.06
344,2019,67,67,35.9,21.2,1.1,3.9,5,7.7,1.6,0.8,3.1,2.2,2.5,19.43
344,2020,61,61,34.7,19.1,1.3,3.5,4.8,6.7,1.6,0.8,3,2.4,2.2,17.09
345,2019,70,25,19.4,5.8,0.9,2.9,3.8,0.8,0.4,0.3,0.5,1.3,1.5,11.03
345,2020,34,0,12.4,3.1,0.7,2.1,2.8,0.6,0.1,0.1,0.5,0.9,1.2,6.89
346,2020,13,6,20.9,5.3,0.7,3.3,4,2,1,0.4,1.2,2.3,1.6,9.46
347,2019,18,3,14.1,2.2,0.4,1.8,2.3,0.8,0.7,0.1,0.4,0.9,2,6.49
348,2019,73,49,30.6,21.4,2.2,6.5,8.7,3.1,0.7,0.6,2.8,3.4,1.1,21.02
349,2019,48,4,9.6,3.7,0.5,1.3,1.8,0.5,0.5,0.3,0.5,1,1,11.24
349,2020,10,1,10.7,2.8,0.1,2,2.1,0.8,0,0.6,0.4,1.3,2,3.23
350,2019,38,38,34.9,11.6,0.5,3.9,4.4,2.2,1.8,0.6,1.2,2.1,1.8,11.01
350,2020,73,6,25,8.3,0.4,2.8,3.3,1.3,1.2,0.6,0.6,1.9,2.1,12.14
351,2019,29,11,18.3,8.2,0.7,1.6,2.3,1,0.3,0,0.2,1.1,4,13.97
351,2020,65,3,16.1,5.5,0.4,2,2.4,0.8,0.2,0.2,0.2,1.1,3.7,9.5
352,2020,36,0,6.4,2.5,0.2,0.7,0.9,0.5,0.2,0.3,0.2,0.5,2.3,11.07
353,2019,3,0,7,1.7,0.7,1.3,2,1,0.7,0,0,1.7,0,10.48
353,2020,5,0,4.8,1.8,0.2,0.8,1,0.4,0,0,0.4,0.8,1,4.72
354,2020,9,0,5.4,1.4,0.1,0.4,0.6,0.8,0,0.1,0.3,0.2,2.3,8.26
355,2020,4,0,11.3,4.8,0,1.3,1.3,1.8,0.5,0,0.8,1.3,2.3,8.84
356,2019,66,52,29.7,12.6,1,4.4,5.4,4.3,1.1,0.3,2.2,2.7,2,12.83
356,2020,11,5,32,11.3,1.5,5.2,6.6,4,0.6,0.5,2.2,3.5,1.8,8.6
357,2019,72,72,27.4,15.6,3.4,7,10.4,3.2,1,1.4,2.3,3.5,1.4,23.41
357,2020,8,8,31.6,17.6,2.9,7.4,10.3,4,1.4,2,2.4,4.9,1.7,22.68
358,2020,21,0,6.4,1.7,0.5,0.9,1.4,0.3,0,0.1,0.3,0.9,1,10.11
359,2019,19,1,21.9,9.9,0.4,2.3,2.7,4,0.8,0.2,1.4,2.4,2.9,16.19
359,2020,10,0,11.7,5,0.2,0.7,0.9,2.1,0.5,0.2,0.8,0.7,2.6,14.01
360,2019,1,0,6,2,0,3,3,1,0,0,0,1,0,16.57
361,2019,77,77,33.1,24.4,3.4,9,12.4,3.4,0.9,1.6,3.1,3.8,1.1,26.38
361,2020,35,35,33.9,26.5,2.7,8.1,10.8,4.4,0.9,1.2,3.1,3.3,1.4,26.53
362,2019,60,60,34,26.6,1.3,6,7.3,3.3,1.8,0.4,2,1.5,1.6,25.89
362,2020,57,57,32.4,27.1,0.9,6.1,7.1,4.9,1.8,0.6,2.6,2,1.9,26.91
363,2019,30,3,16.8,5,0.5,2.2,2.8,0.6,0.6,0.5,0.5,1,1.2,9.66
363,2020,7,0,14,5.3,0.6,1.9,2.4,0,0.3,0.6,0.4,1,0,12.13
364,2020,31,4,16,6.4,0.4,2.7,3.1,0.7,0.2,0.3,0.6,1.6,1.2,9.2
365,2020,17,1,17.7,9.1,0.6,2.8,3.4,0.9,0.8,0.1,0.8,1.6,1.2,19.15
366,2019,79,36,22.9,10,0.9,3.8,4.7,1.8,0.7,0.5,1.4,2.3,1.2,14.4
366,2020,67,9,19.4,8.2,0.7,3.9,4.6,1.7,0.7,0.3,1.1,2.6,1.6,14.67
367,2019,40,12,29.5,16.9,1.2,3.7,4.9,1.6,1.4,1,1.8,2.8,0.9,16.45
367,2020,56,55,34.5,18.7,1.2,5.3,6.4,1.5,1.3,0.7,1.5,3.4,1,15.01
368,2019,82,82,34.9,25.6,0.6,3.8,4.4,5.9,1.2,0.4,2.6,1.6,2.3,21.72
368,2020,56,56,31.1,20.4,0.6,3.2,3.9,4.8,0.9,0.5,2.1,1.6,2.3,20
369,2020,67,67,29.3,15.3,0.3,2.4,2.7,3.3,0.8,0.2,1.7,2.3,1.9,12.95
370,2019,12,0,9.8,5.1,1.3,2.4,3.7,0.2,0.2,0.3,0.5,0.7,0.3,20.55
371,2019,46,29,23.5,6.1,1.2,3.6,4.8,1.8,1,0.4,0.8,2.1,2.3,9.7
371,2020,39,18,21.3,3.5,1.3,3.5,4.8,1.5,0.7,0.5,0.6,2.3,2.6,7.47
372,2019,67,35,24.5,11.6,0.6,3.3,3.9,2.3,1.3,0.6,1.8,2.5,1.3,11.93
372,2020,43,21,25.8,7.9,0.3,3.7,4,1.4,1,0.7,1.4,2.8,1,7.56
373,2019,82,23,24.8,11.4,0.6,2.3,2.9,1.3,0.9,0.2,0.8,1.7,1.7,12.96
373,2020,69,26,25.5,9.3,0.6,1.5,2.1,1.6,0.8,0.2,0.9,1.9,1.8,11.01
374,2019,78,78,34.6,26,0.4,5.9,6.4,5.9,0.7,1.1,2.9,2,2,24.26
375,2020,10,0,5.2,1.7,0.1,1.1,1.2,0.5,0.1,0.1,0,0.4,0,5.04
376,2019,75,59,27.3,9.7,0.8,2.5,3.3,2.9,0.9,0.3,1.5,2.1,2,10.15
376,2020,56,48,31.4,12.2,0.6,3.4,4.1,3.8,0.9,0.5,1.6,2.5,2.4,11.57
377,2019,75,57,28.8,12.8,0.8,3.7,4.5,1.1,0.6,0.3,1.5,2.3,0.7,8.73
377,2020,65,4,17.9,6.4,0.4,2.4,2.8,0.9,0.4,0.4,0.7,1.6,1.4,8.38
378,2019,22,21,27.2,17,1.5,9.4,10.9,2.2,0.3,0.2,1.9,2.5,1.1,19.5
378,2020,56,56,31.8,17.6,1,8.8,9.8,3.2,0.6,0.3,2.5,1.6,1.3,17.97
379,2020,50,3,23.2,10,0.4,2.8,3.2,2.2,0.9,0.3,1.9,2.7,1.2,10.82
380,2019,80,24,18.5,6.3,2.4,2.8,5.2,1.5,0.6,0.7,0.6,2.6,2.4,17.38
380,2020,20,4,13.1,3.4,1.4,1.9,3.3,1,0.6,0.3,0.6,1.7,1.7,9.45
381,2019,50,1,12.9,4.8,1.6,2.2,3.8,0.8,0.4,0.6,0.4,1.4,1.9,19.19
381,2020,48,24,19.2,4.4,1.9,2.7,4.6,1,0.4,0.5,0.6,1.9,1.6,11.7
382,2019,77,77,31.1,18.3,0.6,5.3,6,4.3,1,0.1,2.3,2.2,1.9,16.55
382,2020,62,59,29.9,20.9,0.7,5.5,6.2,4.3,0.9,0.1,2.2,2.3,1.9,21.2
383,2019,26,0,7.5,2.3,0.2,0.6,0.8,0.3,0.3,0.2,0.2,0.8,2,6.19
383,2020,8,0,7.6,2.1,0.1,0,0.1,0.4,0.4,0,0.4,1.1,1,3.17
384,2019,78,78,34,21.5,0.5,3.4,3.8,2.4,1.1,0.6,1.5,2,1.6,16.7
385,2019,1,0,2,0,0,0,0,0,0,0,0,0,0,0
386,2019,42,1,12,3.7,1.2,3,4.2,0.9,0.4,0.4,0.6,1.6,1.3,12.33
387,2019,2,0,5.5,1,0,0.5,0.5,0,1,0,0.5,0,0,-0.86
387,2020,5,0,4,1.4,0.4,0.2,0.6,0.4,0,0,0.2,0.4,2,16.29
388,2019,46,44,30.2,11.3,0.4,3.7,4.1,6,1.5,0.5,2.3,3.6,2.7,12.47
388,2020,51,32,24.9,7.3,0.5,3.2,3.6,3.4,2,0.3,1.3,3.1,2.5,12.15
389,2020,57,57,31.8,20.4,1.8,7.7,9.5,1.8,0.7,2,1.6,3.2,1.1,20.3
390,2020,45,12,22.6,7.4,0.5,2.2,2.7,2.9,1,0.2,1.6,2.3,1.9,9.18
391,2020,2,0,6.5,1,1,0.5,1.5,0,0,0,0.5,0.5,0,4.77
392,2019,43,40,29.8,8,1.1,4.7,5.8,3,1.3,0.9,1.3,2.6,2.2,12.79
392,2020,67,28,19.9,5.8,0.9,3.4,4.3,2.4,0.8,0.6,1,1.7,2.5,12.57
393,2020,3,0,3.3,1.3,0,0.3,0.3,0.3,0,0,0,0.3,0,6.63
394,2019,16,0,15.7,6.8,0,1.8,1.8,1.1,0.2,0.1,1.1,1.4,1,11.35
394,2020,58,1,16.6,6.7,0.3,1.8,2.1,1.2,0.4,0.2,0.8,1.3,1.4,11.33
395,2019,70,68,33.1,18.7,0.9,4.6,5.5,2.5,0.6,0.4,1.9,2.4,1.3,14.05
395,2020,61,9,25,12.8,0.9,3.6,4.5,1.3,0.5,0.4,1.5,2.1,0.9,12.25
396,2019,65,65,34,14.2,0.6,4.2,4.8,8.7,1.4,0.5,2.8,2.6,3.1,16.51
396,2020,58,58,36.2,19.4,0.6,4.5,5,7.5,1.4,0.4,3.1,3.3,2.4,17.75
397,2019,45,3,8.2,3.5,0.6,2,2.6,1.2,0.2,0.6,0.7,1.5,1.8,16.82
397,2020,29,2,10.8,3.5,1.2,2.8,4,1.8,0.2,0.8,0.7,1.3,2.6,18.65
398,2019,67,67,33,23.8,1.1,3.9,5,6.9,1.5,0.5,2.6,2.5,2.7,24.37
398,2020,20,20,32.9,27.4,1.1,4.1,5.2,6.4,1.4,0.5,2.6,2.7,2.5,26.24
399,2020,5,0,5.2,1.4,0.2,0.8,1,0.2,0.4,0.2,0.2,0.4,1,13.7
400,2019,81,81,33.2,21.3,3.1,6.1,9.2,2.4,0.5,1.3,1.8,2.2,1.3,22.98
400,2020,53,53,33.1,18.9,1.9,5.5,7.4,2.4,0.7,1.6,1.4,2.4,1.7,19.78
401,2019,68,3,16.5,7.2,0.5,2.7,3.2,2.1,0.6,0.1,1.3,1.6,1.6,11.86
402,2019,46,17,17,4.5,0.5,2.1,2.5,0.6,0.4,0.2,0.5,1.8,1.1,6.43
402,2020,7,4,14,3.4,0.3,1.6,1.9,0.9,0,0,0.9,1.6,1,3.06
403,2019,25,23,27.8,10.9,0.3,2,2.2,2.3,0.5,0.1,0.8,2,3.1,11.37
403,2020,53,30,27.4,9.3,0.1,1.8,1.9,1.9,0.4,0.2,0.8,2.7,2.4,8.51
404,2019,80,4,21.8,8.4,0.6,1.5,2.1,1.1,0.5,0.1,0.3,1.7,3.5,10.69
404,2020,66,6,25.8,10.3,0.5,1.8,2.3,1.5,0.7,0.2,0.6,1.5,2.5,12.35
405,2019,67,30,26.8,9.4,2.5,5.7,8.2,3.2,1.5,0.6,1.4,2.9,2.2,18.58
405,2020,56,10,26.3,10.1,1.9,5.4,7.3,2.2,1,0.4,1.1,1.6,2.1,17.37
406,2019,52,51,32.3,18.7,1.4,7.6,9,1.4,0.7,0.6,1.6,2.3,0.9,17.16
406,2020,50,50,29.8,14.7,1.2,5.1,6.3,1.5,0.8,0.5,1.6,1.9,0.9,14.32
407,2019,55,55,35.2,27.4,1,7.4,8.5,8.3,1.3,0.6,3.6,1.7,2.3,25.64
407,2020,67,67,34.6,25.3,1,6.9,7.8,10.2,1.2,0.5,3.9,1.8,2.6,25.55
408,2019,17,0,6.9,2.6,0,1,1,0.5,0.4,0.2,0.2,0.4,2.3,10.84
408,2020,61,12,16.2,6.4,0.4,1.9,2.3,1.1,0.5,0.2,0.7,1.3,1.5,10.52
409,2019,47,45,30.3,9.9,1.1,4.2,5.3,5.4,1.5,0.4,2.2,2.4,2.5,11.76
409,2020,63,54,32.1,11.8,1.1,5,6.1,7,1.4,0.6,3.1,2,2.3,13.17
410,2019,26,0,8.2,2.1,0.2,1,1.2,1.1,0.5,0.2,0.6,0.8,1.8,6.35
411,2019,75,1,26.6,20,0.5,2.4,3,5.4,0.8,0.1,2.4,1.1,2.2,21.3
411,2020,65,8,28.7,18.2,0.5,2.6,3.1,5.6,0.7,0.2,2.8,1.2,2,17.38
412,2020,10,0,6.2,2,0.1,0.9,1,0.5,0.2,0,0.2,1,2.5,6.3
413,2019,4,0,15.3,5,0.5,1.3,1.8,0.5,0.3,0.3,0.5,2,1,6.76
413,2020,3,0,8.3,1.7,0.3,0.3,0.7,0,0.7,0,0.3,0,0,6.43
414,2020,36,28,22.8,6.8,0.7,1.6,2.3,0.8,0.9,0.1,0.6,2.7,1.2,7.65
415,2019,72,72,32.2,21.2,1.2,6.6,7.8,6,1.1,0.3,3.4,1.9,1.7,19.61
415,2020,61,61,33.6,28.8,1.3,8.1,9.4,8.8,1,0.2,4.3,2.5,2.1,27.65
416,2020,3,1,16,5.3,0.3,3,3.3,2,0,0.7,0.7,2,3,8.79
417,2019,63,10,22.8,9.7,0.2,2.7,2.9,1.8,0.4,0.2,0.9,1.5,2,11.99
417,2020,28,25,32.9,15.8,0.3,3.2,3.5,4.1,0.4,0.2,1.5,2.3,2.7,14.4
418,2019,46,18,17,7,0.6,2.3,2.9,1.2,0.6,0.9,0.5,0.9,2.2,14.78
418,2020,36,14,15.5,6,0.6,1.7,2.3,0.9,0.3,0.7,0.4,1.5,2.3,12.7
419,2019,22,2,17.8,7.1,0.9,2.4,3.3,0.8,0.7,0.4,0.6,1.1,1.3,14.63
420,2019,22,0,4.7,1.4,0.1,0.5,0.6,0,0,0,0.4,0.6,0,0.92
421,2019,64,64,28.6,15.6,1,3.5,4.5,3.2,0.7,0.2,1.4,1.6,2.3,17.84
421,2020,54,54,30.9,16.5,0.9,4,4.9,7.1,0.6,0.2,2.4,1.8,2.9,17.76
422,2019,10,0,6.7,3.5,0.1,0.4,0.5,0.1,0.1,0.1,0.1,0.5,1,13.75
422,2020,28,1,5.8,1.3,0.1,0.5,0.6,0.4,0.2,0.1,0.1,0.6,2.8,6.72
423,2019,81,18,23.2,11.3,0.4,2,2.5,1.2,0.7,0.1,0.7,1.4,1.8,14.21
423,2020,41,0,18.2,7.9,0.2,1.7,1.9,1.2,0.8,0.1,0.9,1.2,1.3,10.51
424,2019,73,0,17.2,8.9,0.2,1.7,1.9,1.6,0.5,0.3,1.2,1.5,1.4,11.87
424,2020,55,1,21.3,10.3,0.5,2.4,2.9,2.1,0.5,0.3,1.4,1.3,1.5,12.7
425,2020,1,0,4,2,0,0,0,0,0,0,1,0,0,-11.39
426,2019,53,53,33.7,15.7,1.1,7.5,8.6,4.7,1.1,1.2,2.2,2.8,2.1,16.92
426,2020,44,43,26.4,7.5,0.7,5.5,6.3,3.3,0.8,0.9,1.3,2.8,2.5,11.78
427,2019,47,43,16,5,1.4,4.1,5.6,1.4,0.1,0.5,1.1,2,1.3,12.8
428,2019,79,1,23,10.5,0.2,2.3,2.5,1.7,0.4,0.1,0.9,1.5,1.8,11.97
428,2020,57,0,15.5,6.3,0.1,1.6,1.7,1.2,0.2,0,0.3,0.8,3.6,10.86
429,2019,11,0,6.1,4.2,0.7,0.5,1.2,0.1,0,0.1,0.3,0.8,0.3,19.47
430,2019,75,53,27.9,13.9,1,5.1,6.1,1.5,0.6,0.3,1.2,2.4,1.2,14.28
431,2020,19,19,28.9,10.1,0.6,3.5,4.1,1.4,0.7,0.7,1.3,2.7,1.1,8.96
432,2019,80,60,27.5,8.9,0.7,2.2,2.9,4,1.8,0.4,1.5,2.5,2.6,13.12
432,2020,60,40,32,12.9,0.7,3.1,3.8,4.9,1.7,0.5,1.7,2.7,2.8,13.78
433,2020,4,0,7,2.8,0.3,1.5,1.8,0.3,0,0.3,0.8,1,0.3,1.48
434,2019,58,24,20.8,8.8,0.5,3.6,4.1,1.5,1,0.1,1.5,1.9,1,10.88
434,2020,53,4,16.4,4.8,0.6,2.9,3.5,0.9,0.7,0.2,0.8,2,1.2,9.56
435,2019,19,15,22.5,8.2,1.4,2.3,3.7,3.1,0.9,0.3,1.3,2.7,2.4,10.52
435,2020,72,60,27.7,12.1,0.6,2.7,3.3,5.1,1.3,0.2,2,2,2.5,14.35
436,2019,24,1,16.1,6.5,0.8,3,3.8,0.8,0.5,0.1,0.3,2.4,2.7,10.41
436,2020,44,16,22.5,11,0.5,3.4,3.9,1.6,0.6,0.3,1.6,2.4,1,12.77
437,2020,44,0,11,3.9,0.3,1.3,1.7,1,0.3,0.2,0.8,0.8,1.3,8.82
438,2020,1,0,3,0,0,2,2,0,1,0,0,1,0,19.82
439,2019,27,2,14.6,5.7,1.2,3,4.2,0.6,0.6,0.3,0.9,2.4,0.7,10.72
439,2020,59,21,20.3,9.3,1.9,4.3,6.2,1.9,0.7,1.1,1.3,2.1,1.5,19.5
440,2019,29,0,13.3,6.6,0.4,1.1,1.6,0.9,0.3,0.1,0.7,1.1,1.2,11.64
441,2019,62,4,25.3,14.9,2.6,5,7.6,1,0.5,1,1.6,1.9,0.6,18.93
441,2020,13,6,25.7,14.2,2.2,5.2,7.5,0.8,0.5,0.9,1.4,3.3,0.6,15.68
442,2019,75,75,28.4,10.1,1,4.4,5.4,1.2,0.9,0.8,0.6,2.1,2,12.66
442,2020,41,1,19.7,6.7,0.4,2.3,2.7,1,0.6,0.5,0.6,1.7,1.6,11.87
443,2019,82,17,21.1,7.8,2,4.4,6.4,3,0.8,0.9,1.5,3.1,1.9,17.88
443,2020,61,1,17.3,7.2,1.6,3.6,5.2,2.5,0.5,0.6,1.3,2.3,1.9,18.86
444,2020,65,14,19.8,4.7,0.7,1,1.6,1.2,1.4,0.7,0.8,2.2,1.5,10.02
445,2020,4,0,4.8,0.5,0,0.8,0.8,0.3,0.5,0.3,0,0.3,0,8.14
446,2020,41,1,10.7,4.9,0.2,1.3,1.5,0.5,0.2,0,0.4,0.9,1.4,13.35
447,2019,36,0,19.9,7.3,0.2,1.7,1.9,4.2,0.3,0.1,1.6,1.8,2.7,11.57
447,2020,57,4,14.4,3.1,0.3,1,1.3,3.2,0.4,0,1,1.4,3.1,8.14
448,2019,60,53,23.6,7.7,1.3,3.2,4.5,1.2,1.1,0.9,0.8,2.7,1.6,13.25
448,2020,50,38,22.8,5.5,0.9,3.1,4,1,1,0.6,0.9,2.4,1,9.7
449,2020,2,0,3,2.5,0.5,0,0.5,0,0,0,0,0.5,0,30.82
450,2019,71,18,21.2,6.8,1.3,3.4,4.6,1,0.5,1.1,0.8,2,1.3,13.12
450,2020,74,21,25.5,9.1,1.5,3.7,5.2,1.2,0.3,1.1,0.8,2.4,1.5,13.62
451,2019,10,0,4.4,1.5,0.3,0.2,0.5,0.1,0.1,0,0.1,0.6,1,1.24
451,2020,19,0,6.6,2.1,0.1,0.4,0.5,0.2,0.5,0.1,0.3,0.6,0.6,9.81
452,2019,61,2,14.4,5.9,0.8,3,3.8,1.2,0.2,0.1,0.7,1.7,1.7,15.84
452,2020,51,49,20.3,6.1,0.6,4.5,5.1,1.1,0.3,0.3,0.8,2.1,1.4,10.67
453,2020,12,0,5.3,3.5,0.1,0.8,0.9,0.2,0.2,0.2,0.2,0.8,1,18.28
454,2019,26,2,10.7,7,0.5,1.8,2.3,1,0.3,0.4,1,1.6,0.9,15.94
455,2020,13,0,11.2,2.1,0.1,0.7,0.8,0.2,0.2,0,0.4,1.7,0.4,-0.83
456,2019,64,3,18.4,6.7,1.4,2.5,3.8,1,0.5,0.6,0.7,2.4,1.4,13.37
456,2020,12,0,13.3,4,0.8,2.2,2.9,0.8,0,0.3,0.6,1.5,1.4,6.15
457,2020,55,8,16.4,9.3,1.2,3.5,4.7,0.8,0.5,0.5,0.9,1.8,0.9,19.84
458,2019,16,1,9.1,4.3,0.2,0.6,0.8,1.3,0.6,0.4,0.6,1.7,2.1,12.7
458,2020,45,0,18.5,7.2,1,2.2,3.3,2.4,1.1,0.5,1.2,1.9,2.1,15.37
459,2019,82,56,29.5,8.3,0.7,2.5,3.2,2.1,1.6,0.5,0.9,2.5,2.5,10.78
459,2020,73,32,28,9.1,0.9,3.1,4,1.8,1.4,0.6,1,2.2,1.8,12.97
460,2019,70,70,33.5,21.1,0.6,2.8,3.4,6.4,1.3,0.3,1.9,1.8,3.5,21.46
460,2020,47,41,29,14.4,0.7,2.5,3.2,4.4,0.8,0.1,2,2.2,2.3,14.19
461,2019,17,4,15.6,5.9,0.4,2.2,2.6,0.8,0.2,0.6,0.3,1.1,2.8,12.58
461,2020,47,2,12.2,4.8,0.3,2,2.3,0.9,0.2,0.3,0.4,1.2,2.4,12.51
462,2019,52,0,14.4,4.8,0.5,2.9,3.3,0.8,0.3,0.2,0.5,1.7,1.6,9.39
462,2020,68,11,17.8,6,1,2.7,3.6,0.8,0.3,0.1,0.4,1.4,2.2,11.24
463,2019,80,25,21.2,7.5,0.8,3.2,4,1.2,0.7,0.6,0.6,1.4,1.9,13.13
463,2020,65,64,30.7,13,1.4,4.2,5.6,1.8,0.6,0.7,1.5,2,1.2,12.19
464,2019,18,0,9.6,4.4,0.9,1.3,2.2,0.9,0.3,0.2,0.6,0.8,1.7,18.9
465,2019,15,0,10,3.2,0.2,0.9,1.1,2.1,0.2,0.1,1.4,1.8,1.5,6.53
466,2019,4,0,9,3.8,1.3,1.3,2.5,1.3,0.3,0,0,0.8,0,21.48
467,2019,66,19,20.6,7.3,2.7,3.7,6.4,0.6,0.8,2.4,0.5,3.3,1.1,22.01
467,2020,61,7,23.1,9.7,3,4,7,0.6,0.9,2,0.6,3.2,1,23.51
468,2020,10,1,10.9,3.5,0.5,1.2,1.7,0.4,0.4,0.2,0.4,0.9,1,9.71
469,2019,47,1,16.3,6.2,1.4,3.6,5,0.8,0.3,1.4,0.9,2.2,0.9,14.92
469,2020,62,0,14.2,5.4,1.6,3.3,4.9,0.7,0.4,1.4,0.7,1.9,1,17.57
470,2019,82,6,24,10.4,0.4,1.9,2.4,3.6,0.9,0,0.6,1.2,5.7,16.3
470,2020,73,12,22.4,9,0.3,1.5,1.9,3.5,0.8,0.2,0.7,1,4.8,14.98
471,2019,82,5,26.3,16.6,2.2,4.3,6.5,2,0.9,1.3,1.6,3.1,1.2,23.44
471,2020,63,2,27.8,18.6,2.6,4.5,7.1,1.7,0.6,1.1,1.7,2.3,1,23.26
472,2019,43,5,10.4,4.8,0.4,1.6,2,0.6,0.3,0.3,0.9,1.3,0.6,10.18
472,2020,45,5,18.6,8.7,1.2,3.6,4.9,1.2,0.6,0.4,1.5,3.4,0.8,15.13
473,2020,9,0,3.7,1.2,0.3,1.2,1.6,0.1,0.1,0.1,0.3,0.8,0.3,6.72
474,2020,7,3,29.1,11,0.4,2.9,3.3,1.1,0.3,0.1,0.7,2.9,1.6,7.88
475,2019,74,74,28.6,13.3,1.4,5.8,7.2,1.6,0.8,2.7,1.4,2.6,1.2,18.1
475,2020,62,62,29.5,12.1,1.4,5.2,6.6,1.2,0.7,2.1,1.4,2.7,0.8,14.87
476,2020,48,5,11.9,3.6,0.6,1.6,2.3,0.5,0.3,0.3,0.3,1.5,1.5,9.64
477,2019,14,0,6,1.1,0.1,0.4,0.4,1.1,0.1,0.1,0.6,0.7,1.9,2.24
477,2020,5,0,9.4,2.8,0,1.4,1.4,1.6,0.2,0.2,0.6,0.4,2.7,7.83
478,2020,30,11,16.5,9,1.1,3,4.1,1.2,0.6,0.7,0.7,2.8,1.6,15.35
479,2019,77,70,23.2,9.6,1.6,4.1,5.8,1.9,0.7,0.7,1.1,2.6,1.8,15.4
479,2020,72,67,27.9,11.5,1.5,4.8,6.4,2.8,0.9,0.6,1.4,3,2.1,15.77
480,2019,42,2,13,3.6,0.8,2.1,2.9,0.6,0.4,0.4,0.3,2.1,2.4,11.9
481,2019,77,2,13.7,4.9,1.6,2.6,4.2,0.6,0.9,1.2,0.6,2.2,0.9,19.32
481,2020,61,7,18.5,7.4,1.5,3.4,4.9,0.9,1,1.5,1.1,2.7,0.9,20.45
482,2019,4,0,9.3,2.3,0,0.3,0.3,0.5,0,0.3,0.5,1,1,2.37
483,2020,47,1,12.6,5.7,0.2,1.6,1.8,1.9,0.4,0.2,1.1,1.2,1.6,8.92
484,2019,75,72,31.4,9.3,0.9,4.3,5.2,3.3,0.9,0.6,1.6,1.9,2.1,11.87
484,2020,22,3,23,3.6,1.1,3.4,4.5,3,0.8,0.4,1,1.9,3,9.17
485,2020,15,0,12.5,4.4,1.3,1.7,2.9,1.1,0.1,0.5,0.6,0.9,1.8,14.88
486,2020,60,8,17.4,6.6,0.6,2.4,3,1.4,0.6,0.4,0.8,2.1,1.8,11.43
487,2020,10,0,5,1.4,0.2,0.4,0.6,0.6,0.3,0.1,0.3,0.6,2,8.14
488,2019,24,0,14.3,5.5,0.3,1.6,2,0.8,0.3,0.1,0.5,0.8,1.7,11.33
489,2019,80,80,31.3,20.1,2.9,8,10.8,7.3,1.4,0.7,3.1,2.9,2.3,26.38
489,2020,73,73,32,19.9,2.3,7.5,9.7,7,1.2,0.6,3.1,3,2.3,24.97
490,2019,14,3,22.9,11.6,1,4.4,5.4,1.4,0.7,0.6,0.8,1.5,1.8,16.25
491,2019,80,80,31.4,20.8,2.8,9.2,12,3.8,1,1.1,2,2,1.9,25.53
491,2020,62,62,32.2,19.6,2.3,8.6,10.9,3.6,0.9,0.8,1.4,2.2,2.5,21.95
492,2019,68,57,25.3,8.4,1.7,6.1,7.8,1.9,0.7,0.8,1.3,2.6,1.5,13.94
492,2020,7,0,4.3,1.9,0.4,0.7,1.1,0.3,0,0,0.3,0.6,1,17.61
493,2019,60,3,18.8,8.6,0.3,2.1,2.3,1.5,0.7,0.2,1.1,1.6,1.4,13.35
493,2020,52,26,28.4,16,0.5,3.2,3.7,1.8,1.2,0.4,1.5,2.1,1.2,16.84
494,2020,24,0,9.7,2.4,0.8,2.2,3,0.3,0.1,1.3,0.8,2.3,0.4,10.57
495,2019,67,6,20.2,7,0.9,2.1,2.9,0.7,0.7,0.3,0.8,2.1,0.9,9.85
495,2020,69,68,29.9,10.6,1.2,4.1,5.3,1.6,1.4,0.7,1.1,2.4,1.4,13.23
496,2019,3,0,2,0,0.3,0.3,0.7,0,0,0,0,0,0,-4.52
497,2019,46,11,17.5,5.9,1.6,2.7,4.2,1,0.6,0.5,0.7,1.5,1.5,12.42
497,2020,49,3,18.1,7.6,1.6,2.9,4.5,1,0.7,0.5,1.1,1.3,0.9,14.45
498,2019,36,0,14.4,6.3,0.5,2.7,3.2,0.7,0.6,0.3,0.6,1,1.1,15.78
499,2020,19,0,7.1,1.9,0.5,0.9,1.4,0.4,0.2,0.1,0.4,0.9,1,6.7
500,2019,15,15,32.8,17.5,0.9,4.6,5.5,2.7,1.2,0.6,1.7,1.9,1.6,18.01
500,2020,14,9,23.6,11.9,0.9,2.5,3.4,1.8,1.1,0.4,0.8,2.2,2.3,15.87
501,2019,82,82,34.2,7.3,1.5,4.4,5.8,1.2,1.6,0.5,0.8,3.1,1.5,9.24
501,2020,72,72,34.3,6.9,1.6,5.1,6.6,1.6,1.1,0.5,1,3.2,1.6,8.29
502,2019,80,79,31.9,16.9,1.6,5.3,6.9,3.1,0.9,0.7,1.9,3,1.6,18.74
502,2020,60,60,35.2,22.9,1.1,6.3,7.3,3.5,1,0.9,2.5,2.8,1.4,17.96
503,2019,61,2,20.7,6.9,1,3.2,4.2,2,0.5,0.4,0.5,1.3,3.7,13.6
503,2020,67,4,18.6,5.4,0.9,3.3,4.2,1.6,0.4,0.5,0.8,1,2.1,11.56
504,2019,78,49,27.4,7.6,1,4,5,3.8,0.9,0.6,1.1,3.4,3.5,11.79
504,2020,51,50,26.3,7.9,1.1,4.1,5.2,3.6,1.1,0.5,1.3,3.1,2.8,12.54
505,2019,3,0,17.7,1.7,0,1,1,0.7,0.7,0,1,0.3,0.7,-0.71
505,2020,37,12,24.5,4.6,0.5,1.8,2.3,2.1,1.1,0.1,0.8,1.6,2.7,7.32
506,2019,63,5,13.7,3.6,0.7,1.7,2.3,0.5,0.3,0.2,0.3,0.7,1.4,8.14
506,2020,59,18,13.2,4.9,0.6,2,2.6,0.7,0.1,0.1,0.4,0.9,2,11.57
507,2019,82,1,23.3,9.9,0.3,1.9,2.2,3,0.6,0.1,1.1,1.6,2.6,13.19
507,2020,66,1,22.5,11.6,0.3,1.3,1.6,1.8,0.8,0.1,0.8,1.6,2.2,14.82
508,2019,3,0,10,1.3,0,3.3,3.3,0.7,0,0.3,0.7,0.3,1,1.72
509,2019,77,77,36.9,28,1.4,6.8,8.2,4.1,2.2,0.4,2.7,2.8,1.6,23.32
509,2020,48,48,29.6,21.5,0.5,5.2,5.7,3.9,1.4,0.4,2.6,2.4,1.5,21.14
510,2019,70,65,27.1,12.6,2.2,5,7.2,2,1.2,0.8,1.4,2.6,1.5,17.95
510,2020,51,48,24.3,11.6,1.9,3.8,5.7,1.6,0.9,0.6,1.4,2.9,1.2,16.96
511,2020,2,0,8.5,0,0,1,1,1.5,0.5,0,0,0.5,0,-7.1
512,2019,6,0,8.5,3.2,1,1.8,2.8,0.8,0.3,0,0,0.3,0,16
512,2020,29,0,14.2,5.8,0.3,1.6,1.9,2.2,0.5,0.2,0.9,1.6,2.3,11.66
513,2020,58,57,30.3,12.2,1,4.4,5.4,2.1,0.9,0.8,1.6,2.7,1.3,12.48
514,2019,10,0,12.3,1.7,0.3,2.2,2.5,0.8,0.1,0.4,0.4,2.4,2,2.91
515,2019,53,0,5.5,1.8,0.2,0.7,0.9,0.5,0.2,0,0.2,0.5,1.8,13.2
516,2019,74,10,14.3,6.9,0.3,1.8,2.1,1.6,0.3,0,0.7,1.2,2.3,13.13
516,2020,44,1,11.5,5.1,0.3,0.9,1.2,1.1,0.3,0,0.8,0.6,1.5,10.01
517,2020,11,0,7.1,1.1,0.1,0.5,0.6,1,0.3,0.1,0.5,0.7,2.2,3.26
518,2019,46,29,29.8,9.2,0.7,4.5,5.3,8,1.2,0.2,2.8,2.2,2.9,12.11
518,2020,48,3,20.5,7.1,0.5,2.5,3,5,0.8,0,1.9,1.2,2.6,12.45
519,2019,37,1,12.8,5.3,0.2,1.5,1.7,2.5,0.4,0.1,0.9,1.3,2.7,13.5
519,2020,54,3,12.4,5.1,0.2,0.9,1.1,1.8,0.4,0.1,0.9,0.9,2,12.72
520,2019,10,1,12,3.7,1.1,1.5,2.6,1.3,0.1,0,0.8,0.7,1.6,8.13
521,2019,1,0,1,0,0,0,0,0,0,0,0,0,0,0
522,2020,20,0,8.1,3.1,0.2,0.9,1,0.3,0.1,0.1,0.4,0.5,0.6,9.77
523,2019,33,0,11.5,4.3,0.1,0.9,1,1.6,0.3,0.2,0.4,0.9,3.7,11.21
524,2019,44,44,30.8,12.1,0.5,2.3,2.8,2.5,0.5,0.1,1.2,1.8,2,11
524,2020,29,19,23.6,8.1,0.4,1.9,2.3,1.4,0.9,0.1,0.7,1.9,2.2,9.29
525,2019,82,82,27.9,15.4,0.5,2.1,2.6,4.2,0.7,0.1,1.8,2.5,2.3,15.22
525,2020,14,10,27.2,14.9,0.8,2.1,2.9,5.1,0.6,0.1,1.6,1.5,3.1,14.8
526,2019,70,4,16.9,8.2,1.6,3.1,4.7,0.9,0.6,1.1,0.7,2.8,1.2,20.72
526,2020,44,38,28.2,12.3,2.9,5.3,8.1,1,0.9,1.3,1.2,3.8,0.8,19.75
527,2019,68,67,27.9,12.7,0.5,3.1,3.6,6.1,1.3,0.1,2.6,2.6,2.3,14.01
527,2020,65,65,31,13,0.7,4,4.7,8.8,1.4,0.2,2.7,2.6,3.3,16.53
528,2020,56,55,30.4,14.3,0.9,4.1,5,2.6,1,0.3,2.2,2.2,1.2,10.76
529,2019,1,0,26,17,1,2,3,3,1,0,0,3,0,21.59
530,2019,22,22,34.7,14.5,1,4.8,5.7,1.5,2.3,1.1,1.1,3.7,1.3,14.72
530,2020,22,21,33,11.6,1.2,6.8,8,1.5,1.6,2.2,1.4,3.3,1.1,13.15
531,2019,32,2,8.8,2.5,0.8,1.7,2.5,0.2,0.3,1.3,0.3,1.1,0.7,18.84
531,2020,29,1,13.4,5.2,1.4,3,4.4,0.9,0.8,1.2,0.7,1.8,1.3,23.12
532,2019,74,36,21.7,9.5,1.9,2,3.9,1.2,0.1,1.1,1.3,1.7,0.9,15.9
532,2020,66,5,14.5,5.4,0.8,1.6,2.4,0.7,0.2,0.7,1,1.5,0.7,10.21
533,2019,63,46,20.5,8.5,0.9,3,3.9,0.8,0.7,0.4,1.2,2.3,0.7,11.01
533,2020,47,9,14.6,4.6,0.5,2.4,2.9,1.1,0.5,0.1,1,1.9,1.1,8.9
534,2019,45,45,27.4,12.2,0.4,2.1,2.5,2,0.8,0.1,0.8,2.2,2.6,13.01
534,2020,21,21,29.5,11,0.5,3,3.4,1.5,0.8,0.2,0.9,2.2,1.7,12.18
535,2019,66,45,23.5,7.6,0.9,2.7,3.6,1.7,0.5,0.2,1,1.7,1.8,9.41
535,2020,56,4,15.6,3.3,0.5,2.2,2.7,0.6,0.5,0.1,0.4,1.3,1.5,6.75
536,2020,32,2,11.6,2.5,0.5,0.8,1.3,0.4,0.3,0.3,0.3,1,1.2,5.38
537,2019,11,0,9.7,1.3,0.1,0.5,0.6,1.2,0.5,0,0.3,1.5,4.3,4.38
538,2019,59,21,20.9,8.9,1.4,3.8,5.3,1.6,0.7,0.5,1.2,1.8,1.4,12.5
538,2020,60,6,18.7,7,1.8,2.9,4.7,1.8,0.8,0.4,1,1.9,1.8,15.09
539,2019,82,16,20.4,5.2,0.3,3.2,3.5,1.5,0.7,0.3,0.9,2.1,1.8,9
539,2020,71,62,28.9,6.3,0.4,5.1,5.5,2.5,0.8,0.5,0.9,2.8,3,9.49
540,2019,69,51,26.7,13.7,0.9,5.9,6.8,2.6,0.8,0.5,1.7,2.3,1.6,17.54
540,2020,67,5,21.8,10.8,0.9,4.5,5.4,1.7,0.5,0.5,1.3,1.5,1.3,15.44
541,2019,81,80,31.8,15.9,3.8,9,12.9,2,0.8,2.3,1.6,2.9,1.2,24.6
541,2020,68,68,34.3,15.1,3.4,10.1,13.5,1.5,0.8,2,1.9,3.2,0.8,21.72
542,2020,48,48,30.1,13.5,1.6,4.5,6.1,1.8,0.8,0.2,1.1,2.2,1.6,13.56
543,2019,73,73,36,22.9,1.5,9.6,11.1,10.7,1.9,0.5,4.5,3.4,2.4,21.14
543,2020,57,57,35.9,27.2,1.8,6.2,7.9,7,1.6,0.4,4.5,3.5,1.6,21.1
544,2019,10,0,4.4,0.7,0.4,0.5,0.9,0.2,0.1,0,0.2,0.2,1,4.47
544,2020,2,0,7,2.5,0,3.5,3.5,1,0.5,0,0.5,0.5,2,9.44
545,2019,81,32,24.2,6.7,0.3,2.4,2.7,3.3,0.8,0,0.8,2.1,4.3,11.59
545,2020,58,4,16,4.5,0.3,1.6,1.9,1.7,0.5,0.1,0.6,1.7,2.6,9.04
546,2019,42,0,10.8,4,0.2,1.3,1.5,0.5,0.1,0.1,0.4,0.8,1.4,10.74
546,2020,17,1,10.6,4.2,0.3,2.2,2.5,0.6,0.3,0.2,0.4,0.9,1.8,13.08
547,2019,36,4,11.1,3.9,1,2.6,3.6,1,0.3,0.7,0.6,1.5,1.7,16.17
548,2019,9,5,18.8,6.3,1,2.7,3.7,1,1.2,0,0.6,1.4,1.8,14.01
549,2019,4,0,4.8,2.5,0,0,0,0.8,0.3,0,0,0.5,0,22.23
550,2020,38,19,19.8,6.4,0.5,2.6,3.1,0.5,0.5,0.2,0.9,2.1,0.5,6.26
551,2019,56,3,10.6,3.3,0.4,1.1,1.5,0.4,0.2,0.1,0.3,0.8,1.2,8.53
551,2020,69,6,14.7,3.4,0.4,1.7,2.1,0.5,0.3,0.1,0.3,1.2,1.9,7.71
552,2019,74,51,27.2,15,2.1,6,8.1,1.3,0.4,1.4,1.5,2.9,0.9,18.8
552,2020,55,27,27,15.4,2.1,6.1,8.2,1.4,0.5,0.8,2,2.8,0.7,17.41
553,2019,74,2,18.9,7.9,0.4,1.3,1.6,0.9,0.5,0.2,0.8,1.3,1.1,11.4
553,2020,64,25,24.6,12.4,0.4,1.8,2.3,1.9,0.6,0.1,1,1.8,2,15.59
554,2019,56,2,17.6,9.4,0.3,1.5,1.8,2.6,0.7,0.3,1.2,1.2,2.2,15.31
554,2020,36,22,23.8,9.6,0.5,2.6,3.1,5.2,1.1,0.2,2.1,1.7,2.5,13.93
555,2019,82,73,26.5,10.8,0.7,2.1,2.8,3.3,1.2,0.5,1.7,2.1,1.9,13.45
555,2020,70,70,34.7,19,0.7,5.2,5.9,3.3,1.1,0.7,1.9,1.7,1.7,17.76
556,2019,20,0,13.4,4.4,0.5,1.3,1.8,0.9,0.4,0.4,0.3,1.5,3,9.32
556,2020,40,24,20.1,9.4,0.4,1.8,2.2,2.6,0.5,0.2,1.2,2.3,2.2,14.44
557,2020,4,0,2.8,2.3,0,0.3,0.3,0.5,0,0.3,0,0.5,0,33.15
558,2019,73,11,19.6,6.5,0.5,2.6,3,1.9,1.2,0.4,0.8,1.7,2.3,12.38
558,2020,43,10,11.3,4.9,0.5,1.5,2,1.1,0.8,0.4,0.4,1.3,2.6,17.81
559,2019,64,0,15.1,4,0.7,1.2,1.8,1.8,0.5,0.4,0.6,1.2,3,11.71
560,2019,4,0,10.5,2.3,0,0.5,0.5,0.3,0.5,0,1,0.8,0.3,
561,2019,64,1,4.9,1,0.1,0.6,0.7,0.3,0.2,0.1,0.3,0.6,0.9,5.22
561,2020,2,0,17.5,8,0,2,2,2,0.5,0.5,1,1,2,14.72
562,2019,9,1,7,3.4,0.6,1.6,2.1,0.6,0.3,0.3,0.4,0.9,1.3,22.65
562,2020,33,1,17.2,5.8,2,3.2,5.1,1.3,0.2,0.9,0.9,2.7,1.4,15.38
563,2019,44,15,20,4.3,0.8,2.3,3,1.3,0.5,0.2,0.7,1.8,1.8,6.85
563,2020,48,3,18.8,5.7,0.5,2.5,3,2,0.6,0.1,0.8,1.5,2.4,10.22
564,2019,68,4,28.1,16.8,0.4,2.1,2.4,4.6,0.6,0.3,2.2,2.8,2,16.32
564,2020,64,49,31.2,20.6,0.5,3,3.5,6.8,0.6,0.3,2.7,2.8,2.5,17.9
565,2019,48,7,20,7.5,0.5,3.1,3.6,1.3,1,0.3,1.1,1.9,1.1,9.87
565,2020,25,0,6,2.4,0.3,1.2,1.5,0.8,0.2,0.2,0.6,0.6,1.3,9.98
566,2020,4,0,3.8,0,0,0.8,0.8,0.3,0,0,0.5,0.8,0.5,-13.7
567,2019,69,69,33.8,27.3,0.7,4.7,5.3,5.2,1.3,0.4,2.8,2.4,1.9,24.45
567,2020,5,5,27.8,20.8,0.8,4.4,5.2,6.6,1,0.4,3.2,2.2,2.1,21.79
568,2019,58,7,17.8,6.4,0.5,2.7,3.2,1.4,0.4,0.1,0.8,1.5,1.8,10.93
568,2020,52,1,14.8,5.1,0.6,2.9,3.5,1,0.6,0.1,0.8,1,1.2,9.57
569,2019,80,80,33.4,13.9,4.9,4.6,9.5,1.6,1.5,1,1.7,2.6,0.9,18.55
569,2020,63,63,26.7,10.9,3.3,6,9.3,2.3,0.8,1.1,1.5,1.9,1.6,20.48
570,2019,3,0,6.7,2,0.3,0.3,0.7,1.3,0.3,0,0.3,0,4,9.83
570,2020,56,27,22.6,9,0.3,1.6,1.9,1.9,0.7,0.1,1.1,1.6,1.7,11.21
571,2019,58,1,9,3.9,0.7,1.4,2.2,0.4,0.2,0.3,0.2,0.6,2,16.98
571,2020,28,1,7.9,3,0.8,1.7,2.5,0.3,0.4,0.1,0.3,0.8,1.1,12.93
572,2019,76,3,19.3,6.4,0.4,1.9,2.3,3.4,1,0.2,1.2,1.4,2.8,13.41
572,2020,71,3,18.7,6.5,0.5,2.1,2.7,5,0.8,0.2,1.4,1,3.6,16.52
573,2019,43,36,31.6,18,0.7,3.3,4,1.5,1.2,0.7,1.2,2.8,1.2,16.36
573,2020,67,67,32.9,19.8,1,3.2,4.2,1.5,1.2,0.5,1.3,2.8,1.2,18.45
574,2020,7,0,4.7,3.3,0.1,2,2.1,0.1,0.1,0.6,0.4,1,0.3,28.49
575,2019,1,0,8,4,0,1,1,0,0,0,0,2,0,9.67
576,2019,70,57,24.1,10.8,2.5,4.1,6.5,1.2,0.8,0.6,1,2.7,1.2,17.85
576,2020,62,56,16.5,6.1,1.8,2.5,4.3,0.8,0.4,0.5,0.8,2,1.1,16.14
577,2020,6,1,13.5,5.7,0.3,0.8,1.2,1,1.3,0.2,1,1.7,1,12.31
578,2020,3,0,5,1.3,0.7,0.3,1,0,0.3,0,0,0.3,0,8.46
579,2019,55,47,28.2,13.5,0.4,3.2,3.6,2.1,1,0.3,1.8,2.6,1.2,11.99
579,2020,64,61,29,12.1,0.8,5.2,6,1.8,0.9,0.4,2,2.5,0.9,9.19
580,2020,41,6,8.8,2.4,0.2,1.1,1.3,1.3,0.3,0.1,0.4,1.1,2.9,10.58
581,2020,72,4,16.8,7.5,0.7,2.6,3.3,1.6,0.5,0.2,1.1,1.7,1.5,13.88
582,2019,74,74,26.1,6.9,0.4,1.5,1.9,1,0.5,0.2,0.6,3.1,1.5,6.46
582,2020,56,38,22.4,3.9,0.4,0.9,1.3,0.9,0.5,0.3,0.6,2.8,1.6,3.71
583,2019,2,0,2.5,1,0,2,2,0,0,0,0.5,0.5,0,-15.7
584,2019,81,0,26.5,15.1,0.3,3.1,3.5,1.7,0.9,0.4,1.1,1.5,1.5,15.45
584,2020,69,0,27.4,14.7,0.2,3,3.2,1.2,1.1,0.3,1,1.6,1.2,14.06
585,2019,79,14,22.7,9,0.4,3.5,3.9,2.9,0.9,0.3,0.9,1.3,3.4,12.95
585,2020,63,63,34.3,18,0.8,3.6,4.4,4.1,1,0.2,2.2,2,1.8,14.9
586,2019,50,2,12.2,3.8,0.2,2.3,2.5,0.5,0.9,0.1,0.5,0.8,1.1,12.09
586,2020,41,0,10.6,2.2,0.5,1.8,2.3,0.6,0.6,0.3,0.4,1,1.7,9.45
587,2019,81,81,30.7,12.6,2.4,4.1,6.5,2.5,1.5,0.4,1.5,2.4,1.7,16.28
587,2020,64,16,24.9,10.3,1.5,3.5,4.9,1.8,1.4,0.4,1.6,2.1,1.1,13.36
588,2020,20,2,6.5,2.8,0.6,0.6,1.2,0.8,0.4,0.1,0.6,0.9,1.3,12.25
589,2019,18,0,11.7,4.5,0.2,1.8,2,1.2,0.3,0,1,0.8,1.2,8.1
589,2020,33,0,11.1,3.6,0.3,1.3,1.6,1.7,0.5,0.1,1,1.1,1.7,5.22
590,2019,72,53,20.8,10.5,1.6,4.7,6.3,1.3,0.3,0.9,0.8,1.8,1.5,21.02
590,2020,46,36,24.9,13.2,2.1,5.1,7.2,1.8,0.5,1.1,1.2,2.2,1.6,21.16
591,2019,11,0,3.3,1.6,0,0.4,0.4,0.5,0,0,0.1,0.3,5,16.13
592,2019,29,5,19.4,5.5,0.8,2.8,3.7,0.9,0.4,1.1,0.8,1.7,1.1,10.25
592,2020,60,14,12.9,4.7,0.9,1.9,2.8,0.7,0.4,0.7,0.8,1.7,1,13.75
593,2019,12,2,17.6,6.3,0.8,1.8,2.6,3.5,0.4,0.1,1.3,1.6,2.6,11.83
593,2020,27,11,13.1,3.6,0.3,0.9,1.2,3.4,0.5,0.1,1.3,1.6,2.6,9.79
594,2019,19,17,29.4,15.5,0.4,2.8,3.2,1.9,0.6,0.1,1.3,1.8,1.5,11.69
594,2020,71,58,29.5,15.8,0.4,2.9,3.3,1.9,0.6,0.1,1,1.8,2,14.51
595,2019,29,6,18.8,6.8,0.2,2.5,2.7,0.8,0.5,0.2,0.6,2,1.4,9.05
595,2020,47,2,18.1,7.8,0.6,2.1,2.7,0.6,0.4,0.1,0.8,2.3,0.8,11.04
596,2019,55,55,34.6,20.9,0.7,7.2,7.9,2.7,0.7,0.4,2,2.2,1.4,18.28
596,2020,72,72,34.3,19.6,1,5.9,6.9,3.2,0.7,0.6,1.4,2.3,2.2,17.25
597,2019,80,54,27.1,8.9,1,2.5,3.5,5,1,0.2,1.5,2.2,3.3,14.14
597,2020,65,64,28.9,9.9,1.2,2.7,3.9,5.4,1.2,0.1,2,2.1,2.7,13.52
598,2019,3,0,12,5.7,3,2,5,0.3,0.7,0.7,1,2,0.3,19.67
598,2020,58,3,11.4,4.9,1.9,2.7,4.6,0.4,0.2,0.6,0.5,2,0.8,21.78
599,2019,56,0,17.9,9.5,0.3,1.2,1.5,3.7,0.4,0.1,1.3,0.9,2.8,15.4
600,2019,74,12,17.6,6,0.4,1.7,2.1,0.9,0.4,0.2,0.3,1.2,3,10.72
600,2020,59,57,27.8,8,0.2,1.7,1.9,2.2,0.5,0.3,0.5,1.7,4.1,9.74
601,2019,75,37,20,5.7,1.2,2.3,3.5,1,0.5,0.6,0.6,2.3,1.6,10.42
601,2020,58,27,18.5,5.4,1.1,2.2,3.3,0.8,0.4,0.6,0.4,2.3,1.9,10.79
602,2019,81,81,30.9,19.1,0.8,2.9,3.7,8.1,0.9,0.2,3.8,1.7,2.1,17.03
602,2020,60,60,35.3,29.6,0.5,3.7,4.3,9.3,1.1,0.1,4.8,1.7,1.9,23.95
603,2020,11,1,10.8,3.6,0,1.1,1.1,1.5,0.9,0.2,1.4,1.2,1.1,4.37
604,2019,35,21,20.4,5.3,0.7,2.4,3.1,1,0.4,0.2,0.5,1.9,2,6.17
604,2020,22,0,12.1,3.3,1,1.3,2.3,0.7,0.3,0.2,0.5,1.6,1.5,8.05
605,2019,3,0,2,1.7,0,0.3,0.3,0.7,0,0,0,0,0,38.35
606,2019,26,26,34,9.9,0.6,5,5.6,3.3,1.5,0.3,1.5,1.7,2.2,10.51
606,2020,21,21,33.4,11,0.6,4.1,4.8,2,1.6,0.4,1.3,2.3,1.5,12.83
607,2019,25,1,17.4,9.7,0.5,1,1.5,2.6,0.5,0.1,0.8,1,3.3,17.93
607,2020,8,1,23.9,12,0.1,1.8,1.9,3.8,1.1,0.1,1.1,1.5,3.3,16.04
608,2019,64,2,17.5,8.5,0.7,3.2,3.8,1.4,0.5,0.4,1.1,1.5,1.3,12.72
608,2020,63,53,20.2,6.4,1.1,4.6,5.7,1.1,0.4,0.4,0.6,1.6,1.8,12.63
609,2019,43,40,27.9,10.9,4,6.2,10.2,2,0.7,0.4,1.4,2.1,1.5,18.45
609,2020,57,51,30.2,12,4,6.2,10.1,2.1,0.6,0.9,1.8,2.2,1.2,16.82
610,2019,52,10,14,4.8,0.7,2.1,2.8,1.5,0.4,0.1,0.6,1.1,2.7,11.13
610,2020,69,22,25.8,10.4,1.1,4.4,5.6,2.6,1.2,0.1,1.1,1.9,2.3,13.7
611,2019,4,0,4,2.5,0.3,0.5,0.8,1,0.3,0,0,0,0,30.78
612,2019,51,1,14.9,6.2,0.3,1.2,1.4,0.5,0.5,0.1,0.5,1.5,1,9.88
612,2020,6,0,12.7,4.3,0,1,1,0.5,0.5,0,0.5,1.2,1,5.35
613,2019,21,0,14.9,5.3,0.6,2.2,2.8,0.5,0.5,0.4,0.4,1.8,1.2,10.57
614,2020,31,0,10.6,3.3,0.2,1.3,1.5,1.4,0.5,0.1,0.6,0.9,2.4,7.97
615,2019,11,0,3.5,0.8,0.3,0.5,0.7,0.1,0,0,0.1,0.3,1,5.03
616,2020,11,0,3.2,1.7,0.4,0.5,0.9,0.1,0.1,0,0.1,0.4,1,23.9
617,2019,1,0,1,0,1,0,1,0,0,0,0,0,0,0
618,2019,27,0,9.3,3.3,0.3,1.3,1.6,0.6,0.3,0,0.4,0.7,1.7,7.82
619,2020,55,8,27.4,13.5,0.3,3.8,4.1,2.2,0.6,0.2,1.6,1.4,1.4,12.53
620,2019,44,10,25.5,10.8,0.4,2.3,2.8,2.5,0.9,0.5,1.4,1.6,1.8,12.34
620,2020,8,4,24.3,12,1,2.1,3.1,3,0.5,0.1,0.6,1.9,4.8,15.65
621,2019,25,0,3.8,0.9,0.3,0.4,0.7,0.2,0.1,0,0.2,0.4,1.5,9.35
622,2019,1,0,1,0,0,0,0,0,0,0,0,0,0,0
623,2019,2,0,5.5,0,1,2,3,0.5,0,0,0,2,0,1.51
623,2020,2,0,2,1,1.5,0.5,2,0,0,0,0,0,0,22.48
624,2019,69,18,20.3,10.2,0.5,2.4,2.9,2.4,0.8,0.3,1.7,1.7,1.4,11.54
625,2019,62,0,10.1,3.5,0.3,1.3,1.6,0.7,0.3,0.1,0.6,1.3,1.2,7.07
625,2020,14,0,11.4,2.9,0.2,1.4,1.6,0.9,0.5,0.1,0.7,1.4,1.3,3.9
626,2019,48,6,16.4,3.1,1.8,3.8,5.6,0.6,0.4,0.5,0.7,1.9,0.9,11.22
626,2020,26,5,8.4,1.3,1,1.6,2.5,0.2,0.2,0.3,0.3,1.2,0.8,10.78
627,2019,68,23,22.9,6.9,0.3,1.6,2,4.8,1.2,0.1,0.7,1.1,7,13.7
627,2020,65,6,19,7.4,0.1,1.4,1.6,4.4,0.9,0.1,0.8,0.7,5.2,15.75
628,2019,10,1,7.4,2.5,0.3,2.4,2.7,0.2,0,0,0.3,0.9,0.7,3.65
628,2020,4,1,11,3,0.3,3.8,4,0.3,0,0,0.3,1.5,1,6.51
629,2020,8,0,7.8,1.9,0.3,1.1,1.4,0.4,0.3,0,0.3,0.8,1.5,3.74
630,2019,36,36,31.9,18.8,0.6,5,5.6,5.2,1.7,0.3,2.3,2,2.3,17.68
630,2020,19,16,27.8,14.5,0.5,3.5,3.9,2.9,0.9,0.2,2.5,1.9,1.2,11.41
631,2019,76,9,17.5,7.4,0.4,2.1,2.6,1.1,0.6,0.4,0.6,1.9,1.8,11.83
631,2020,60,0,14.6,5,0.3,1.8,2.1,0.8,0.4,0.4,0.6,1.5,1.5,7.58
632,2019,2,0,8,1.5,0.5,0.5,1,0,0,0,0,0,0,3.79
633,2020,22,0,5.9,1.9,0.6,1.4,2,0.4,0.1,0.4,0.4,1.1,1,12.77
634,2020,14,0,3.2,1.2,0.4,0.4,0.7,0.2,0.1,0.1,0.2,0.5,1,11.45
635,2019,16,0,5.9,1.9,0.1,0.8,0.9,0.8,0.1,0.1,0.9,0.7,0.9,1.35
636,2019,6,3,27.8,14.3,0.7,3.8,4.5,5,1.8,0.2,1.7,2.3,3,16.36
637,2019,28,26,27.3,12,0.3,1.9,2.1,1.5,1.1,0.1,0.9,1.9,1.7,12.5
637,2020,36,1,15.5,5.1,0.1,1.7,1.8,1.2,0.4,0.1,0.5,1.1,2.4,8.5
638,2019,43,13,22.9,8,0.5,2.7,3.2,1.7,0.5,0.2,1.3,1.9,1.3,8.09
639,2019,44,44,25.2,10.3,2,5,7,1.8,0.6,1.3,1.5,3.5,1.2,15.28
639,2020,43,43,29.2,11.3,3.2,6.2,9.4,1.2,0.8,0.8,1.7,3.8,0.7,15.51
640,2020,19,1,9.2,2.3,0.9,1.3,2.2,0.3,0.4,0.3,0.6,1.7,0.5,10.35
641,2019,68,13,18.1,5,0.5,2.2,2.7,1.1,0.4,0.3,0.6,1.8,1.7,8.71
641,2020,52,21,18.3,5.8,0.5,2.1,2.5,1.2,0.5,0.3,0.5,1.5,2.3,10.36
642,2019,26,13,14.5,3.7,0.4,1.7,2.1,0.6,0.5,0.3,0.5,1.7,1.3,6.95
643,2019,44,44,29.8,13.1,0.5,1.9,2.3,2.3,0.8,0.3,1.3,2.3,1.7,11.33
643,2020,67,67,24.4,7.4,0.3,2.1,2.5,1.4,0.6,0.1,0.6,1.5,2.1,8.1
644,2019,43,38,27.7,11.5,0.7,3.9,4.6,2.9,0.4,0.5,1.5,1.9,1.9,11.03
644,2020,58,58,33,15.1,1.3,5,6.3,3.7,1.1,0.5,1.5,2.1,2.4,15.7
645,2020,2,0,6.5,0,0,1,1,0.5,0,0,0.5,0.5,1,-12.68
646,2019,81,81,27.3,11.9,2.2,6.1,8.4,2.4,1.2,0.6,1,2.8,2.3,18
646,2020,13,2,12.1,5.2,1,3.6,4.6,0.8,0.3,0.8,0.4,1.5,2,22.25
647,2019,58,3,14,7.3,2,3.3,5.4,1,0.3,0.3,1,1.7,1,20.41
647,2020,31,0,12.1,6.1,1.4,2.9,4.3,0.9,0.3,0.2,1,1,1,19.24
648,2019,15,1,15.1,4.3,0.3,2.9,3.1,0.7,0.2,0.2,0.5,1.9,1.4,5.83
648,2020,35,3,21,5.9,0.3,3.8,4.1,1.1,0.5,0.3,1,2.3,1.1,7.4
649,2019,2,0,6.5,1,0.5,1,1.5,0,0.5,0,0,0,0,5.7
650,2019,71,3,15,5.9,0.2,1.4,1.5,1.9,0.5,0.1,0.6,0.9,3.4,12.7
650,2020,50,0,10.6,4.4,0.1,0.9,1,1.4,0.4,0.1,0.6,0.8,2.5,12.23
651,2019,15,0,11.6,2.6,0.3,1.8,2.1,0.5,0.3,0.1,0.4,0.7,1.3,3.36
651,2020,18,0,5.8,2,0.4,0.7,1.1,0.3,0.3,0.1,0.1,0.5,2.5,11.23
652,2019,77,0,17.6,6.6,1.4,2.8,4.2,0.9,0.3,0.9,1,2.3,0.9,13.56
652,2020,11,11,26.4,7,2.3,4,6.3,1.5,0.5,0.5,1.3,3.3,1.1,9.92
653,2019,63,62,34.5,23.7,0.6,4,4.7,4.5,1,0.4,3.4,2.2,1.3,18.79
653,2020,60,60,34.8,25.5,0.7,4.1,4.8,4.2,1.5,0.5,3.4,2.2,1.2,19.52
654,2019,1,0,4,0,0,0,0,0,1,0,1,0,0,-10.03
655,2020,3,0,12,3.3,0,1.7,1.7,1,0.7,0,1,1.3,1,3.72
656,2019,68,3,12.9,3.9,1.5,2.4,3.9,1.3,0.5,0.3,0.8,2.2,1.6,13.69
657,2019,6,2,18.5,6.7,0.5,1.7,2.2,1.7,0.3,0.3,1,1.3,1.7,9.57
657,2020,7,0,4.6,1.1,0,0.3,0.3,0.3,0.4,0,0.3,0.6,1,1.1
658,2019,1,0,1,2,0,0,0,0,0,0,0,0,0,80.61
659,2020,24,24,27.8,22.5,2.7,3.6,6.3,2.1,0.7,0.4,2.5,1.8,0.8,24.14
660,2020,4,0,12.8,3,0.8,1.5,2.3,0.8,0.3,0.3,1,2.5,0.8,6.74